typeCode,freqCode,refPeriodId,refYear,refMonth,period,reporterCode,reporterISO,reporterDesc,flowCode,flowDesc,partnerCode,partnerISO,partnerDesc,partner2Code,partner2ISO,partner2Desc,classificationCode,classificationSearchCode,isOriginalClassification,cmdCode,cmdDesc,aggrLevel,isLeaf,customsCode,customsDesc,mosCode,motCode,motDesc,qtyUnitCode,qtyUnitAbbr,qty,isQtyEstimated,altQtyUnitCode,altQtyUnitAbbr,altQty,isAltQtyEstimated,netWgt,isNetWgtEstimated,grossWgt,isGrossWgtEstimated,cifvalue,fobvalue,primaryValue,legacyEstimationFlag,isReported,isAggregate
"C","A","20190101","2019","52","2019","20","AND","Andorra","M","Import","0","W00","World","0","W00","World","H5","HS","true","7108","Gold (including gold plated with platinum) unwrought or in semi-manufactured forms, or in powder form","4","false","C00","TOTAL CPC","0","0","TOTAL MOT","8","kg","63.414","true","-1","N/A","0","false","63.414","true","0","false","2747371.666",,"2747371.666","6","false","true",
"C","A","20190101","2019","52","2019","24","AGO","Angola","M","Import","0","W00","World","0","W00","World","H5","HS","true","7108","Gold (including gold plated with platinum) unwrought or in semi-manufactured forms, or in powder form","4","false","C00","TOTAL CPC","0","0","TOTAL MOT","-1","N/A","0","false","-1","N/A","0","false",,"false","0","false","11631.829",,"11631.829","0","false","true",
"C","A","20190101","2019","52","2019","28","ATG","Antigua and Barbuda","M","Import","0","W00","World","0","W00","World","H3","HS","true","7108","Gold (including gold plated with platinum) unwrought or in semi-manufactured forms, or in powder form","4","false","C00","TOTAL CPC","0","0","TOTAL MOT","8","kg","0.05","false","8","kg","0.05","false","0.05","false","0","false","1652.341",,"1652.341","0","false","true",
"C","A","20190101","2019","52","2019","31","AZE","Azerbaijan","M","Import","0","W00","World","0","W00","World","H5","HS","true","7108","Gold (including gold plated with platinum) unwrought or in semi-manufactured forms, or in powder form","4","false","C00","TOTAL CPC","0","0","TOTAL MOT","8","kg","49607.044","false","15","g","49607044","false","49607.032","false","0","false","2111983184.22",,"2111983184.22","0","false","true",
"C","A","20190101","2019","52","2019","32","ARG","Argentina","M","Import","0","W00","World","0","W00","World","H5","HS","true","7108","Gold (including gold plated with platinum) unwrought or in semi-manufactured forms, or in powder form","4","false","C00","TOTAL CPC","0","0","TOTAL MOT","8","kg","2.14","false","8","kg","2.14","false","2.14","false","0","false","14741.6","14338.02","14741.6","0","false","true",
"C","A","20190101","2019","52","2019","36","AUS","Australia","M","Import","0","W00","World","0","W00","World","H5","HS","true","7108","Gold (including gold plated with platinum) unwrought or in semi-manufactured forms, or in powder form","4","false","C00","TOTAL CPC","0","0","TOTAL MOT","8","kg","112652.74","true","-1","N/A","0","false","112652.74","true","0","false","4720111499.358","4707193371.824","4720111499.358","6","false","true",
"C","A","20190101","2019","52","2019","40","AUT","Austria","M","Import","0","W00","World","0","W00","World","H5","HS","true","7108","Gold (including gold plated with platinum) unwrought or in semi-manufactured forms, or in powder form","4","false","C00","TOTAL CPC","0","0","TOTAL MOT","8","kg","19134.344","true","-1","N/A","0","false","19134.344","true","0","false","844316515.801",,"844316515.801","6","false","true",
"C","A","20190101","2019","52","2019","44","BHS","Bahamas","M","Import","0","W00","World","0","W00","World","H4","HS","true","7108","Gold (including gold plated with platinum) unwrought or in semi-manufactured forms, or in powder form","4","false","C00","TOTAL CPC","0","0","TOTAL MOT","8","kg","1.51","true","-1","N/A","0","false","1.51","true","0","false","6272.956",,"6272.956","6","false","true",
"C","A","20190101","2019","52","2019","48","BHR","Bahrain","M","Import","0","W00","World","0","W00","World","H5","HS","true","7108","Gold (including gold plated with platinum) unwrought or in semi-manufactured forms, or in powder form","4","false","C00","TOTAL CPC","0","0","TOTAL MOT","8","kg","5061.611","false","15","g","5061611.25","false","5166.695","false","0","false","218551648.55","0","218551648.55","0","false","true",
"C","A","20190101","2019","52","2019","51","ARM","Armenia","M","Import","0","W00","World","0","W00","World","H5","HS","true","7108","Gold (including gold plated with platinum) unwrought or in semi-manufactured forms, or in powder form","4","false","C00","TOTAL CPC","0","0","TOTAL MOT","8","kg","2510.304","false","15","g","2510303.76","false","2972.044","false","0","false","114498514.79","0","114498514.79","0","false","true",
"C","A","20190101","2019","52","2019","52","BRB","Barbados","M","Import","0","W00","World","0","W00","World","H5","HS","true","7108","Gold (including gold plated with platinum) unwrought or in semi-manufactured forms, or in powder form","4","false","C00","TOTAL CPC","0","0","TOTAL MOT","8","kg","1.02","true","-1","N/A","0","false","1.02","true","0","false","1336",,"1336","6","false","true",
"C","A","20190101","2019","52","2019","56","BEL","Belgium","M","Import","0","W00","World","0","W00","World","H5","HS","true","7108","Gold (including gold plated with platinum) unwrought or in semi-manufactured forms, or in powder form","4","false","C00","TOTAL CPC","0","0","TOTAL MOT","8","kg","23103.615","true","-1","N/A","0","false","27952.408","true","0","false","915100923.396","0","915100923.396","6","false","true",
"C","A","20190101","2019","52","2019","60","BMU","Bermuda","M","Import","0","W00","World","0","W00","World","H5","HS","true","7108","Gold (including gold plated with platinum) unwrought or in semi-manufactured forms, or in powder form","4","false","C00","TOTAL CPC","0","0","TOTAL MOT","8","kg","2.066","true","-1","N/A","0","false","2.066","true","0","false","1028.35",,"1028.35","6","false","true",
"C","A","20190101","2019","52","2019","64","BTN","Bhutan","M","Import","0","W00","World","0","W00","World","H5","HS","true","7108","Gold (including gold plated with platinum) unwrought or in semi-manufactured forms, or in powder form","4","false","C00","TOTAL CPC","0","0","TOTAL MOT","8","kg","5.366","false","15","g","5365.52","false","5.366","false","0","false","222123.572",,"222123.572","0","false","true",
"C","A","20190101","2019","52","2019","68","BOL","Bolivia (Plurinational State of)","M","Import","0","W00","World","0","W00","World","H5","HS","true","7108","Gold (including gold plated with platinum) unwrought or in semi-manufactured forms, or in powder form","4","false","C00","TOTAL CPC","0","0","TOTAL MOT","8","kg","23.73","false","8","kg","23.73","false","45.01","false","0","false","509370.36","497642.49","509370.36","0","false","true",
"C","A","20190101","2019","52","2019","70","BIH","Bosnia Herzegovina","M","Import","0","W00","World","0","W00","World","H5","HS","true","7108","Gold (including gold plated with platinum) unwrought or in semi-manufactured forms, or in powder form","4","false","C00","TOTAL CPC","0","0","TOTAL MOT","-1","N/A","0","true","-1","N/A","0","false",,"true","0","false","13809.3",,"13809.3","6","false","true",
"C","A","20190101","2019","52","2019","72","BWA","Botswana","M","Import","0","W00","World","0","W00","World","H5","HS","true","7108","Gold (including gold plated with platinum) unwrought or in semi-manufactured forms, or in powder form","4","false","C00","TOTAL CPC","0","0","TOTAL MOT","8","kg","1","true","-1","N/A","0","false","0.5","true","0","false","269.229",,"269.229","6","false","true",
"C","A","20190101","2019","52","2019","76","BRA","Brazil","M","Import","0","W00","World","0","W00","World","H5","HS","true","7108","Gold (including gold plated with platinum) unwrought or in semi-manufactured forms, or in powder form","4","false","C00","TOTAL CPC","0","0","TOTAL MOT","-1","N/A","0","false","-1","N/A","0","false",,"false","0","false","10626960","10571588","10626960","0","false","true",
"C","A","20190101","2019","52","2019","84","BLZ","Belize","M","Import","0","W00","World","0","W00","World","H5","HS","true","7108","Gold (including gold plated with platinum) unwrought or in semi-manufactured forms, or in powder form","4","false","C00","TOTAL CPC","0","0","TOTAL MOT","-1","N/A","0","false","-1","N/A","0","false",,"false","0","false","58.115",,"58.115","0","false","true",
"C","A","20190101","2019","52","2019","96","BRN","Brunei Darussalam","M","Import","0","W00","World","0","W00","World","H5","HS","true","7108","Gold (including gold plated with platinum) unwrought or in semi-manufactured forms, or in powder form","4","false","C00","TOTAL CPC","0","0","TOTAL MOT","-1","N/A","0","true","-1","N/A","0","false",,"true","0","false","12077.69",,"12077.69","6","false","true",
"C","A","20190101","2019","52","2019","100","BGR","Bulgaria","M","Import","0","W00","World","0","W00","World","H5","HS","true","7108","Gold (including gold plated with platinum) unwrought or in semi-manufactured forms, or in powder form","4","false","C00","TOTAL CPC","0","0","TOTAL MOT","8","kg","286.025","false","15","g","286025","false","291.141","false","0","false","12659026.27",,"12659026.27","0","false","true",
"C","A","20190101","2019","52","2019","116","KHM","Cambodia","M","Import","0","W00","World","0","W00","World","H5","HS","true","7108","Gold (including gold plated with platinum) unwrought or in semi-manufactured forms, or in powder form","4","false","C00","TOTAL CPC","0","0","TOTAL MOT","8","kg","2153","false","8","kg","2153","false","2153","false","0","false","92656114.62",,"92656114.62","0","false","true",
"C","A","20190101","2019","52","2019","124","CAN","Canada","M","Import","0","W00","World","0","W00","World","H5","HS","true","7108","Gold (including gold plated with platinum) unwrought or in semi-manufactured forms, or in powder form","4","false","C00","TOTAL CPC","0","0","TOTAL MOT","8","kg","315625.946","true","-1","N/A","0","false","315625.946","true","0","false",,"5700923885.444","5700923885.444","6","false","true",
"C","A","20190101","2019","52","2019","144","LKA","Sri Lanka","M","Import","0","W00","World","0","W00","World","H5","HS","true","7108","Gold (including gold plated with platinum) unwrought or in semi-manufactured forms, or in powder form","4","false","C00","TOTAL CPC","0","0","TOTAL MOT","8","kg","59.41","false","8","kg","59.41","false","59.41","false","0","false","2548935.921","0","2548935.921","0","false","true",
"C","A","20190101","2019","52","2019","152","CHL","Chile","M","Import","0","W00","World","0","W00","World","H5","HS","true","7108","Gold (including gold plated with platinum) unwrought or in semi-manufactured forms, or in powder form","4","false","C00","TOTAL CPC","0","0","TOTAL MOT","8","kg","3190.879","true","-1","N/A","0","false","3190.879","true","0","false","4729634.41","4724881.63","4729634.41","6","false","true",
"C","A","20190101","2019","52","2019","156","CHN","China","M","Import","0","W00","World","0","W00","World","H5","HS","true","7108","Gold (including gold plated with platinum) unwrought or in semi-manufactured forms, or in powder form","4","false","C00","TOTAL CPC","0","0","TOTAL MOT","8","kg","990031.175","false","15","g","990031175","false","990031.175","false","0","false","43917764709","0","43917764709","0","false","true",
"C","A","20190101","2019","52","2019","170","COL","Colombia","M","Import","0","W00","World","0","W00","World","H5","HS","true","7108","Gold (including gold plated with platinum) unwrought or in semi-manufactured forms, or in powder form","4","false","C00","TOTAL CPC","0","0","TOTAL MOT","8","kg","18.19","false","8","kg","18.19","false","18.19","false","0","false","74921.84","74172.37","74921.84","0","false","true",
"C","A","20190101","2019","52","2019","188","CRI","Costa Rica","M","Import","0","W00","World","0","W00","World","H5","HS","true","7108","Gold (including gold plated with platinum) unwrought or in semi-manufactured forms, or in powder form","4","false","C00","TOTAL CPC","0","0","TOTAL MOT","8","kg","772.562","true","-1","N/A","0","false","772.562","true","0","false","1084604.61",,"1084604.61","6","false","true",
"C","A","20190101","2019","52","2019","191","HRV","Croatia","M","Import","0","W00","World","0","W00","World","H5","HS","true","7108","Gold (including gold plated with platinum) unwrought or in semi-manufactured forms, or in powder form","4","false","C00","TOTAL CPC","0","0","TOTAL MOT","-1","N/A","0","true","-1","N/A","0","false",,"true","0","false","20423325",,"20423325","6","false","true",
"C","A","20190101","2019","52","2019","196","CYP","Cyprus","M","Import","0","W00","World","0","W00","World","H5","HS","true","7108","Gold (including gold plated with platinum) unwrought or in semi-manufactured forms, or in powder form","4","false","C00","TOTAL CPC","0","0","TOTAL MOT","-1","N/A","0","true","-1","N/A","0","false","0","true","0","false","1980602.882","0","1980602.882","6","false","true",
"C","A","20190101","2019","52","2019","203","CZE","Czechia","M","Import","0","W00","World","0","W00","World","H5","HS","true","7108","Gold (including gold plated with platinum) unwrought or in semi-manufactured forms, or in powder form","4","false","C00","TOTAL CPC","0","0","TOTAL MOT","-1","N/A","0","true","-1","N/A","0","false",,"true","0","false","202726254","199438672","202726254","6","false","true",
"C","A","20190101","2019","52","2019","204","BEN","Benin","M","Import","0","W00","World","0","W00","World","H5","HS","true","7108","Gold (including gold plated with platinum) unwrought or in semi-manufactured forms, or in powder form","4","false","C00","TOTAL CPC","0","0","TOTAL MOT","-1","N/A","0","false","-1","N/A","0","false",,"false","0","false","2907.321",,"2907.321","0","false","true",
"C","A","20190101","2019","52","2019","208","DNK","Denmark","M","Import","0","W00","World","0","W00","World","H5","HS","true","7108","Gold (including gold plated with platinum) unwrought or in semi-manufactured forms, or in powder form","4","false","C00","TOTAL CPC","0","0","TOTAL MOT","8","kg","1742.469","false","15","g","1742469","false","0","false","0","false","14423393.897","0","14423393.897","0","false","true",
"C","A","20190101","2019","52","2019","214","DOM","Dominican Rep.","M","Import","0","W00","World","0","W00","World","H5","HS","true","7108","Gold (including gold plated with platinum) unwrought or in semi-manufactured forms, or in powder form","4","false","C00","TOTAL CPC","0","0","TOTAL MOT","-1","N/A","0","false","-1","N/A","0","false",,"false","0","false","89740445.58","86585391.247","89740445.58","0","false","true",
"C","A","20190101","2019","52","2019","218","ECU","Ecuador","M","Import","0","W00","World","0","W00","World","H5","HS","true","7108","Gold (including gold plated with platinum) unwrought or in semi-manufactured forms, or in powder form","4","false","C00","TOTAL CPC","0","0","TOTAL MOT","-1","N/A","0","true","-1","N/A","0","false","12.218","true","0","false","27735.269","27353.72","27735.269","6","false","true",
"C","A","20190101","2019","52","2019","231","ETH","Ethiopia","M","Import","0","W00","World","0","W00","World","H5","HS","true","7108","Gold (including gold plated with platinum) unwrought or in semi-manufactured forms, or in powder form","4","false","C00","TOTAL CPC","0","0","TOTAL MOT","-1","N/A","0","true","-1","N/A","0","false","0","true","0","false","74.47","0","74.47","6","false","true",
"C","A","20190101","2019","52","2019","233","EST","Estonia","M","Import","0","W00","World","0","W00","World","H5","HS","true","7108","Gold (including gold plated with platinum) unwrought or in semi-manufactured forms, or in powder form","4","false","C00","TOTAL CPC","0","0","TOTAL MOT","-1","N/A","0","true","-1","N/A","0","false","0","true","0","false","69719443.54","0","69719443.54","6","false","true",
"C","A","20190101","2019","52","2019","246","FIN","Finland","M","Import","0","W00","World","0","W00","World","H5","HS","true","7108","Gold (including gold plated with platinum) unwrought or in semi-manufactured forms, or in powder form","4","false","C00","TOTAL CPC","0","0","TOTAL MOT","8","kg","540.409","true","-1","N/A","0","false","679.6","true","0","false","25072489.005",,"25072489.005","6","false","true",
"C","A","20190101","2019","52","2019","251","FRA","France","M","Import","0","W00","World","0","W00","World","H5","HS","true","7108","Gold (including gold plated with platinum) unwrought or in semi-manufactured forms, or in powder form","4","false","C00","TOTAL CPC","0","0","TOTAL MOT","-1","N/A","0","true","-1","N/A","0","false",,"true","0","false","1089849441.152",,"1089849441.152","6","false","true",
"C","A","20190101","2019","52","2019","258","PYF","French Polynesia","M","Import","0","W00","World","0","W00","World","H5","HS","true","7108","Gold (including gold plated with platinum) unwrought or in semi-manufactured forms, or in powder form","4","false","C00","TOTAL CPC","0","0","TOTAL MOT","8","kg","14.684","false","-1","N/A","0","false","0","false","0","false","361494.388","0","361494.388","0","false","true",
"C","A","20190101","2019","52","2019","268","GEO","Georgia","M","Import","0","W00","World","0","W00","World","H5","HS","true","7108","Gold (including gold plated with platinum) unwrought or in semi-manufactured forms, or in powder form","4","false","C00","TOTAL CPC","0","0","TOTAL MOT","8","kg","0.122","false","15","g","122","false","0.12","false","0","false","631.18",,"631.18","0","false","true",
"C","A","20190101","2019","52","2019","270","GMB","Gambia","M","Import","0","W00","World","0","W00","World","H4","HS","true","7108","Gold (including gold plated with platinum) unwrought or in semi-manufactured forms, or in powder form","4","false","C00","TOTAL CPC","0","0","TOTAL MOT","-1","N/A","0","true","-1","N/A","0","false",,"true","0","false","298.627",,"298.627","6","false","true",
"C","A","20190101","2019","52","2019","276","DEU","Germany","M","Import","0","W00","World","0","W00","World","H5","HS","true","7108","Gold (including gold plated with platinum) unwrought or in semi-manufactured forms, or in powder form","4","false","C00","TOTAL CPC","0","0","TOTAL MOT","8","kg","104917.802","false","15","g","104917802","false","104889.137","false","0","false","4427241910.572",,"4427241910.572","0","false","true",
"C","A","20190101","2019","52","2019","288","GHA","Ghana","M","Import","0","W00","World","0","W00","World","H5","HS","true","7108","Gold (including gold plated with platinum) unwrought or in semi-manufactured forms, or in powder form","4","false","C00","TOTAL CPC","0","0","TOTAL MOT","-1","N/A","0","true","-1","N/A","0","false",,"true","0","false","114857.349",,"114857.349","6","false","true",
"C","A","20190101","2019","52","2019","300","GRC","Greece","M","Import","0","W00","World","0","W00","World","H5","HS","true","7108","Gold (including gold plated with platinum) unwrought or in semi-manufactured forms, or in powder form","4","false","C00","TOTAL CPC","0","0","TOTAL MOT","-1","N/A","0","true","-1","N/A","0","false",,"true","0","false","9357103.801",,"9357103.801","6","false","true",
"C","A","20190101","2019","52","2019","308","GRD","Grenada","M","Import","0","W00","World","0","W00","World","H4","HS","true","7108","Gold (including gold plated with platinum) unwrought or in semi-manufactured forms, or in powder form","4","false","C00","TOTAL CPC","0","0","TOTAL MOT","-1","N/A","0","true","-1","N/A","0","false","0","true","0","false","4171.852","0","4171.852","6","false","true",
"C","A","20190101","2019","52","2019","320","GTM","Guatemala","M","Import","0","W00","World","0","W00","World","H5","HS","true","7108","Gold (including gold plated with platinum) unwrought or in semi-manufactured forms, or in powder form","4","false","C00","TOTAL CPC","0","0","TOTAL MOT","8","kg","67.876","true","-1","N/A","0","false","67.876","true","0","false","1947404",,"1947404","6","false","true",
"C","A","20190101","2019","52","2019","328","GUY","Guyana","M","Import","0","W00","World","0","W00","World","H5","HS","true","7108","Gold (including gold plated with platinum) unwrought or in semi-manufactured forms, or in powder form","4","false","C00","TOTAL CPC","0","0","TOTAL MOT","8","kg","0.005","true","-1","N/A","0","false","0","true","0","false","200.623","0","200.623","6","false","true",
"C","A","20190101","2019","52","2019","340","HND","Honduras","M","Import","0","W00","World","0","W00","World","H5","HS","true","7108","Gold (including gold plated with platinum) unwrought or in semi-manufactured forms, or in powder form","4","false","C00","TOTAL CPC","0","0","TOTAL MOT","8","kg","11.536","true","-1","N/A","0","false","11.536","true","0","false","47048.93",,"47048.93","6","false","true",
"C","A","20190101","2019","52","2019","344","HKG","China, Hong Kong SAR","M","Import","0","W00","World","0","W00","World","H5","HS","true","7108","Gold (including gold plated with platinum) unwrought or in semi-manufactured forms, or in powder form","4","false","C00","TOTAL CPC","0","0","TOTAL MOT","8","kg","355842","false","8","kg","355842","false","355842","false","0","false","13966622314.18",,"13966622314.18","0","false","true",
"C","A","20190101","2019","52","2019","348","HUN","Hungary","M","Import","0","W00","World","0","W00","World","H5","HS","true","7108","Gold (including gold plated with platinum) unwrought or in semi-manufactured forms, or in powder form","4","false","C00","TOTAL CPC","0","0","TOTAL MOT","-1","N/A","0","false","-1","N/A","0","false","0","false","0","false","35794351",,"35794351","0","false","true",
"C","A","20190101","2019","52","2019","352","ISL","Iceland","M","Import","0","W00","World","0","W00","World","H5","HS","true","7108","Gold (including gold plated with platinum) unwrought or in semi-manufactured forms, or in powder form","4","false","C00","TOTAL CPC","0","0","TOTAL MOT","8","kg","280.068","true","-1","N/A","0","false",,"true","0","false","916282.68","904171.037","916282.68","6","false","true",
"C","A","20190101","2019","52","2019","360","IDN","Indonesia","M","Import","0","W00","World","0","W00","World","H5","HS","true","7108","Gold (including gold plated with platinum) unwrought or in semi-manufactured forms, or in powder form","4","false","C00","TOTAL CPC","0","0","TOTAL MOT","-1","N/A","0","false","-1","N/A","0","false","0","false","0","false","1768419270","0","1768419270","0","false","true",
"C","A","20190101","2019","52","2019","372","IRL","Ireland","M","Import","0","W00","World","0","W00","World","H5","HS","true","7108","Gold (including gold plated with platinum) unwrought or in semi-manufactured forms, or in powder form","4","false","C00","TOTAL CPC","0","0","TOTAL MOT","8","kg","3491.385","false","15","g","3475386","false","0","false","0","false","78129354.73","0","78129354.73","0","false","true",
"C","A","20190101","2019","52","2019","376","ISR","Israel","M","Import","0","W00","World","0","W00","World","H5","HS","true","7108","Gold (including gold plated with platinum) unwrought or in semi-manufactured forms, or in powder form","4","false","C00","TOTAL CPC","0","0","TOTAL MOT","8","kg","374.499","true","-1","N/A","0","false","374.499","true","0","false","15405000",,"15405000","6","false","true",
"C","A","20190101","2019","52","2019","380","ITA","Italy","M","Import","0","W00","World","0","W00","World","H5","HS","true","7108","Gold (including gold plated with platinum) unwrought or in semi-manufactured forms, or in powder form","4","false","C00","TOTAL CPC","0","0","TOTAL MOT","-1","N/A","0","true","-1","N/A","0","false",,"true","0","false","5211037977.95",,"5211037977.95","6","false","true",
"C","A","20190101","2019","52","2019","384","CIV","Côte d'Ivoire","M","Import","0","W00","World","0","W00","World","H5","HS","true","7108","Gold (including gold plated with platinum) unwrought or in semi-manufactured forms, or in powder form","4","false","C00","TOTAL CPC","0","0","TOTAL MOT","8","kg","1","false","8","kg","1","false","1","false","0","false","377.673",,"377.673","0","false","true",
"C","A","20190101","2019","52","2019","388","JAM","Jamaica","M","Import","0","W00","World","0","W00","World","H5","HS","true","7108","Gold (including gold plated with platinum) unwrought or in semi-manufactured forms, or in powder form","4","false","C00","TOTAL CPC","0","0","TOTAL MOT","8","kg","0.1","false","8","kg","0.1","false","0.1","false","0","false","115.19","0","115.19","0","false","true",
"C","A","20190101","2019","52","2019","392","JPN","Japan","M","Import","0","W00","World","0","W00","World","H5","HS","true","7108","Gold (including gold plated with platinum) unwrought or in semi-manufactured forms, or in powder form","4","false","C00","TOTAL CPC","0","0","TOTAL MOT","8","kg","3303.198","false","15","g","3303198","false","3303.198","false","0","false","124024353.245","0","124024353.245","0","false","true",
"C","A","20190101","2019","52","2019","398","KAZ","Kazakhstan","M","Import","0","W00","World","0","W00","World","H5","HS","true","7108","Gold (including gold plated with platinum) unwrought or in semi-manufactured forms, or in powder form","4","false","C00","TOTAL CPC","0","0","TOTAL MOT","8","kg","7066.626","false","8","kg","7066.626","false","7066.626","false","0","false","275635538.78",,"275635538.78","0","false","true",
"C","A","20190101","2019","52","2019","400","JOR","Jordan","M","Import","0","W00","World","0","W00","World","H5","HS","true","7108","Gold (including gold plated with platinum) unwrought or in semi-manufactured forms, or in powder form","4","false","C00","TOTAL CPC","0","0","TOTAL MOT","-1","N/A","0","true","-1","N/A","0","false",,"true","0","false","86257543.466",,"86257543.466","6","false","true",
"C","A","20190101","2019","52","2019","404","KEN","Kenya","M","Import","0","W00","World","0","W00","World","H5","HS","true","7108","Gold (including gold plated with platinum) unwrought or in semi-manufactured forms, or in powder form","4","false","C00","TOTAL CPC","0","0","TOTAL MOT","-1","N/A","0","true","-1","N/A","0","false",,"true","0","false","536.64",,"536.64","6","false","true",
"C","A","20190101","2019","52","2019","410","KOR","Rep. of Korea","M","Import","0","W00","World","0","W00","World","H5","HS","true","7108","Gold (including gold plated with platinum) unwrought or in semi-manufactured forms, or in powder form","4","false","C00","TOTAL CPC","0","0","TOTAL MOT","-1","N/A","0","false","-1","N/A","0","false",,"false","0","false","887978304",,"887978304","0","false","true",
"C","A","20190101","2019","52","2019","414","KWT","Kuwait","M","Import","0","W00","World","0","W00","World","H5","HS","true","7108","Gold (including gold plated with platinum) unwrought or in semi-manufactured forms, or in powder form","4","false","C00","TOTAL CPC","0","0","TOTAL MOT","-1","N/A","0","false","-1","N/A","0","false",,"false","0","false","368683262",,"368683262","0","false","true",
"C","A","20190101","2019","52","2019","417","KGZ","Kyrgyzstan","M","Import","0","W00","World","0","W00","World","H5","HS","true","7108","Gold (including gold plated with platinum) unwrought or in semi-manufactured forms, or in powder form","4","false","C00","TOTAL CPC","0","0","TOTAL MOT","8","kg","929.076","false","15","g","929076","false","931","false","0","false","362294",,"362294","0","false","true",
"C","A","20190101","2019","52","2019","418","LAO","Lao People's Dem. Rep.","M","Import","0","W00","World","0","W00","World","H5","HS","true","7108","Gold (including gold plated with platinum) unwrought or in semi-manufactured forms, or in powder form","4","false","C00","TOTAL CPC","0","0","TOTAL MOT","8","kg","106.022","false","8","kg","106.022","false","106.05","false","0","false","4367968.57",,"4367968.57","0","false","true",
"C","A","20190101","2019","52","2019","422","LBN","Lebanon","M","Import","0","W00","World","0","W00","World","H5","HS","true","7108","Gold (including gold plated with platinum) unwrought or in semi-manufactured forms, or in powder form","4","false","C00","TOTAL CPC","0","0","TOTAL MOT","-1","N/A","0","true","-1","N/A","0","false","0","true","0","false","483962774.78","0","483962774.78","6","false","true",
"C","A","20190101","2019","52","2019","426","LSO","Lesotho","M","Import","0","W00","World","0","W00","World","H4","HS","true","7108","Gold (including gold plated with platinum) unwrought or in semi-manufactured forms, or in powder form","4","false","C00","TOTAL CPC","0","0","TOTAL MOT","-1","N/A","0","false","-1","N/A","0","false",,"false","472","false","3284.666",,"3284.666","0","false","true",
"C","A","20190101","2019","52","2019","428","LVA","Latvia","M","Import","0","W00","World","0","W00","World","H5","HS","true","7108","Gold (including gold plated with platinum) unwrought or in semi-manufactured forms, or in powder form","4","false","C00","TOTAL CPC","0","0","TOTAL MOT","8","kg","11.082","false","15","g","11082","false","11.877","false","0","false","201748.338",,"201748.338","0","false","true",
"C","A","20190101","2019","52","2019","434","LBY","Libya","M","Import","0","W00","World","0","W00","World","H5","HS","true","7108","Gold (including gold plated with platinum) unwrought or in semi-manufactured forms, or in powder form","4","false","C00","TOTAL CPC","0","0","TOTAL MOT","8","kg","56","false","8","kg","56","false","56","false","0","false","2320027","0","2320027","0","false","true",
"C","A","20190101","2019","52","2019","440","LTU","Lithuania","M","Import","0","W00","World","0","W00","World","H5","HS","true","7108","Gold (including gold plated with platinum) unwrought or in semi-manufactured forms, or in powder form","4","false","C00","TOTAL CPC","0","0","TOTAL MOT","8","kg","145.209","false","15","g","145208.78","false","141.829","false","0","false","6196420",,"6196420","0","false","true",
"C","A","20190101","2019","52","2019","442","LUX","Luxembourg","M","Import","0","W00","World","0","W00","World","H5","HS","true","7108","Gold (including gold plated with platinum) unwrought or in semi-manufactured forms, or in powder form","4","false","C00","TOTAL CPC","0","0","TOTAL MOT","8","kg","2092.567","false","-1","N/A","0","false","2279.232","false","0","false","73270444.464","72405453.458","73270444.464","0","false","true",
"C","A","20190101","2019","52","2019","446","MAC","China, Macao SAR","M","Import","0","W00","World","0","W00","World","H5","HS","true","7108","Gold (including gold plated with platinum) unwrought or in semi-manufactured forms, or in powder form","4","false","C00","TOTAL CPC","0","0","TOTAL MOT","-1","N/A","0","true","-1","N/A","0","false","0","true","0","false","9669809.427",,"9669809.427","6","false","true",
"C","A","20190101","2019","52","2019","458","MYS","Malaysia","M","Import","0","W00","World","0","W00","World","H5","HS","true","7108","Gold (including gold plated with platinum) unwrought or in semi-manufactured forms, or in powder form","4","false","C00","TOTAL CPC","0","0","TOTAL MOT","8","kg","55453.24","false","8","kg","55453.24","false","55453.24","false","0","false","2406423508.409","0","2406423508.409","0","false","true",
"C","A","20190101","2019","52","2019","462","MDV","Maldives","M","Import","0","W00","World","0","W00","World","H5","HS","true","7108","Gold (including gold plated with platinum) unwrought or in semi-manufactured forms, or in powder form","4","false","C00","TOTAL CPC","0","0","TOTAL MOT","8","kg","2.55","false","15","g","2550","false","2.55","false","0","false","188520.17",,"188520.17","0","false","true",
"C","A","20190101","2019","52","2019","466","MLI","Mali","M","Import","0","W00","World","0","W00","World","H5","HS","true","7108","Gold (including gold plated with platinum) unwrought or in semi-manufactured forms, or in powder form","4","false","C00","TOTAL CPC","0","0","TOTAL MOT","8","kg","6.11","true","-1","N/A","0","false","6.11","true","0","false","293699.34","0","293699.34","6","false","true",
"C","A","20190101","2019","52","2019","470","MLT","Malta","M","Import","0","W00","World","0","W00","World","H5","HS","true","7108","Gold (including gold plated with platinum) unwrought or in semi-manufactured forms, or in powder form","4","false","C00","TOTAL CPC","0","0","TOTAL MOT","-1","N/A","0","true","-1","N/A","0","false",,"true","0","false","4458088.731",,"4458088.731","6","false","true",
"C","A","20190101","2019","52","2019","480","MUS","Mauritius","M","Import","0","W00","World","0","W00","World","H5","HS","true","7108","Gold (including gold plated with platinum) unwrought or in semi-manufactured forms, or in powder form","4","false","C00","TOTAL CPC","0","0","TOTAL MOT","-1","N/A","0","true","-1","N/A","0","false","388.424","true","0","false","16499168.369","16313426.435","16499168.369","6","false","true",
"C","A","20190101","2019","52","2019","484","MEX","Mexico","M","Import","0","W00","World","0","W00","World","H4","HS","true","7108","Gold (including gold plated with platinum) unwrought or in semi-manufactured forms, or in powder form","4","false","C00","TOTAL CPC","0","0","TOTAL MOT","-1","N/A","0","true","-1","N/A","0","false","0","true","0","false",,"125837047","125837047","6","false","true",
"C","A","20190101","2019","52","2019","490","S19","Other Asia, nes","M","Import","0","W00","World","0","W00","World","H5","HS","true","7108","Gold (including gold plated with platinum) unwrought or in semi-manufactured forms, or in powder form","4","false","C00","TOTAL CPC","0","0","TOTAL MOT","8","kg","28119.037","true","-1","N/A","0","false","28119.037","true","0","false","1250971838.33",,"1250971838.33","6","false","true",
"C","A","20190101","2019","52","2019","496","MNG","Mongolia","M","Import","0","W00","World","0","W00","World","H5","HS","true","7108","Gold (including gold plated with platinum) unwrought or in semi-manufactured forms, or in powder form","4","false","C00","TOTAL CPC","0","0","TOTAL MOT","8","kg","0.35","false","8","kg","0.35","false","0.35","false","0","false","7104.03",,"7104.03","0","false","true",
"C","A","20190101","2019","52","2019","498","MDA","Rep. of Moldova","M","Import","0","W00","World","0","W00","World","H4","HS","true","7108","Gold (including gold plated with platinum) unwrought or in semi-manufactured forms, or in powder form","4","false","C00","TOTAL CPC","0","0","TOTAL MOT","8","kg","0.05","false","15","g","50","false","0.05","false","0","false","3390",,"3390","0","false","true",
"C","A","20190101","2019","52","2019","499","MNE","Montenegro","M","Import","0","W00","World","0","W00","World","H5","HS","true","7108","Gold (including gold plated with platinum) unwrought or in semi-manufactured forms, or in powder form","4","false","C00","TOTAL CPC","0","0","TOTAL MOT","8","kg","0.359","false","15","g","359","false","0.35","false","0","false","20176.519","0","20176.519","0","false","true",
"C","A","20190101","2019","52","2019","504","MAR","Morocco","M","Import","0","W00","World","0","W00","World","H5","HS","true","7108","Gold (including gold plated with platinum) unwrought or in semi-manufactured forms, or in powder form","4","false","C00","TOTAL CPC","0","0","TOTAL MOT","-1","N/A","0","true","-1","N/A","0","false","0","true","0","false","32161655.646","0","32161655.646","6","false","true",
"C","A","20190101","2019","52","2019","512","OMN","Oman","M","Import","0","W00","World","0","W00","World","H5","HS","true","7108","Gold (including gold plated with platinum) unwrought or in semi-manufactured forms, or in powder form","4","false","C00","TOTAL CPC","0","0","TOTAL MOT","8","kg","9740","false","8","kg","9740","false","9740","false","0","false","276278992.04",,"276278992.04","0","false","true",
"C","A","20190101","2019","52","2019","516","NAM","Namibia","M","Import","0","W00","World","0","W00","World","H5","HS","true","7108","Gold (including gold plated with platinum) unwrought or in semi-manufactured forms, or in powder form","4","false","C00","TOTAL CPC","0","0","TOTAL MOT","-1","N/A","0","false","-1","N/A","0","false",,"false","0","false","1766.609",,"1766.609","0","false","true",
"C","A","20190101","2019","52","2019","524","NPL","Nepal","M","Import","0","W00","World","0","W00","World","H5","HS","true","7108","Gold (including gold plated with platinum) unwrought or in semi-manufactured forms, or in powder form","4","false","C00","TOTAL CPC","0","0","TOTAL MOT","8","kg","5337.68","true","-1","N/A","0","false","5337.68","true","0","false","234287304.19","0","234287304.19","6","false","true",
"C","A","20190101","2019","52","2019","528","NLD","Netherlands","M","Import","0","W00","World","0","W00","World","H5","HS","true","7108","Gold (including gold plated with platinum) unwrought or in semi-manufactured forms, or in powder form","4","false","C00","TOTAL CPC","0","0","TOTAL MOT","-1","N/A","0","true","-1","N/A","0","false",,"true","0","false","144403384.6",,"144403384.6","6","false","true",
"C","A","20190101","2019","52","2019","531","CUW","Curaçao","M","Import","0","W00","World","0","W00","World","H4","HS","true","7108","Gold (including gold plated with platinum) unwrought or in semi-manufactured forms, or in powder form","4","false","C00","TOTAL CPC","0","0","TOTAL MOT","8","kg","8.93","true","-1","N/A","0","false","8.93","true","0","false","373962.707",,"373962.707","6","false","true",
"C","A","20190101","2019","52","2019","533","ABW","Aruba","M","Import","0","W00","World","0","W00","World","H4","HS","true","7108","Gold (including gold plated with platinum) unwrought or in semi-manufactured forms, or in powder form","4","false","C00","TOTAL CPC","0","0","TOTAL MOT","-1","N/A","0","false","-1","N/A","0","false","0","false","0","false","117705.583","0","117705.583","0","false","true",
"C","A","20190101","2019","52","2019","554","NZL","New Zealand","M","Import","0","W00","World","0","W00","World","H5","HS","true","7108","Gold (including gold plated with platinum) unwrought or in semi-manufactured forms, or in powder form","4","false","C00","TOTAL CPC","0","0","TOTAL MOT","8","kg","923.716","false","-1","N/A","0","false","923.716","false","0","false","42158255.45","42192048.822","42158255.45","0","false","true",
"C","A","20190101","2019","52","2019","558","NIC","Nicaragua","M","Import","0","W00","World","0","W00","World","H5","HS","true","7108","Gold (including gold plated with platinum) unwrought or in semi-manufactured forms, or in powder form","4","false","C00","TOTAL CPC","0","0","TOTAL MOT","8","kg","78.102","true","-1","N/A","0","false","78.102","true","0","false","593341.21","0","593341.21","6","false","true",
"C","A","20190101","2019","52","2019","562","NER","Niger","M","Import","0","W00","World","0","W00","World","H5","HS","true","7108","Gold (including gold plated with platinum) unwrought or in semi-manufactured forms, or in powder form","4","false","C00","TOTAL CPC","0","0","TOTAL MOT","8","kg","49","false","8","kg","49","false","49","false","0","false","234750.469",,"234750.469","0","false","true",
"C","A","20190101","2019","52","2019","566","NGA","Nigeria","M","Import","0","W00","World","0","W00","World","H4","HS","true","7108","Gold (including gold plated with platinum) unwrought or in semi-manufactured forms, or in powder form","4","false","C00","TOTAL CPC","0","0","TOTAL MOT","8","kg","7.001","true","-1","N/A","0","false","7.001","true","0","false","3569.04",,"3569.04","6","false","true",
"C","A","20190101","2019","52","2019","579","NOR","Norway","M","Import","0","W00","World","0","W00","World","H5","HS","true","7108","Gold (including gold plated with platinum) unwrought or in semi-manufactured forms, or in powder form","4","false","C00","TOTAL CPC","0","0","TOTAL MOT","-1","N/A","0","true","-1","N/A","0","false",,"true","0","false","5951222.12",,"5951222.12","6","false","true",
"C","A","20190101","2019","52","2019","586","PAK","Pakistan","M","Import","0","W00","World","0","W00","World","H5","HS","true","7108","Gold (including gold plated with platinum) unwrought or in semi-manufactured forms, or in powder form","4","false","C00","TOTAL CPC","0","0","TOTAL MOT","8","kg","337.341","false","15","g","337341","false","337.341","false","0","false","13886200.419",,"13886200.419","0","false","true",
"C","A","20190101","2019","52","2019","591","PAN","Panama","M","Import","0","W00","World","0","W00","World","H5","HS","true","7108","Gold (including gold plated with platinum) unwrought or in semi-manufactured forms, or in powder form","4","false","C00","TOTAL CPC","0","0","TOTAL MOT","8","kg","499.876","true","-1","N/A","0","false","499.876","true","669","false","20936606","0","20936606","6","false","true",
"C","A","20190101","2019","52","2019","598","PNG","Papua New Guinea","M","Import","0","W00","World","0","W00","World","H5","HS","true","7108","Gold (including gold plated with platinum) unwrought or in semi-manufactured forms, or in powder form","4","false","C00","TOTAL CPC","0","0","TOTAL MOT","8","kg","1.7","false","8","kg","1.7","false","1.7","false","0","false","3230.399",,"3230.399","0","false","true",
"C","A","20190101","2019","52","2019","604","PER","Peru","M","Import","0","W00","World","0","W00","World","H5","HS","true","7108","Gold (including gold plated with platinum) unwrought or in semi-manufactured forms, or in powder form","4","false","C00","TOTAL CPC","0","0","TOTAL MOT","8","kg","35.221","false","8","kg","35.221","false","35.221","false","0","false","1598950.97","1550419.18","1598950.97","0","false","true",
"C","A","20190101","2019","52","2019","608","PHL","Philippines","M","Import","0","W00","World","0","W00","World","H5","HS","true","7108","Gold (including gold plated with platinum) unwrought or in semi-manufactured forms, or in powder form","4","false","C00","TOTAL CPC","0","0","TOTAL MOT","-1","N/A","0","false","-1","N/A","0","false","0","false","40056.08","false","72331408","67240022","72331408","0","false","true",
"C","A","20190101","2019","52","2019","616","POL","Poland","M","Import","0","W00","World","0","W00","World","H5","HS","true","7108","Gold (including gold plated with platinum) unwrought or in semi-manufactured forms, or in powder form","4","false","C00","TOTAL CPC","0","0","TOTAL MOT","8","kg","3138.869","true","-1","N/A","0","false","3138.869","true","0","false","131284957",,"131284957","6","false","true",
"C","A","20190101","2019","52","2019","620","PRT","Portugal","M","Import","0","W00","World","0","W00","World","H5","HS","true","7108","Gold (including gold plated with platinum) unwrought or in semi-manufactured forms, or in powder form","4","false","C00","TOTAL CPC","0","0","TOTAL MOT","8","kg","1187.737","false","15","g","1187737","false","1192.49","false","0","false","45528450.636",,"45528450.636","0","false","true",
"C","A","20190101","2019","52","2019","626","TLS","Timor-Leste","M","Import","0","W00","World","0","W00","World","H2","HS","true","7108","Gold (including gold plated with platinum) unwrought or in semi-manufactured forms, or in powder form","4","false","C00","TOTAL CPC","0","0","TOTAL MOT","-1","N/A","0","false","-1","N/A","0","false",,"false","0","false","195.5",,"195.5","0","false","true",
"C","A","20190101","2019","52","2019","634","QAT","Qatar","M","Import","0","W00","World","0","W00","World","H4","HS","true","7108","Gold (including gold plated with platinum) unwrought or in semi-manufactured forms, or in powder form","4","false","C00","TOTAL CPC","0","0","TOTAL MOT","8","kg","7436.86","false","8","kg","7436.86","false","7436.86","false","0","false","349326025.391",,"349326025.391","0","false","true",
"C","A","20190101","2019","52","2019","643","RUS","Russian Federation","M","Import","0","W00","World","0","W00","World","H5","HS","true","7108","Gold (including gold plated with platinum) unwrought or in semi-manufactured forms, or in powder form","4","false","C00","TOTAL CPC","0","0","TOTAL MOT","8","kg","864.886","true","-1","N/A","0","false","864.886","true","0","false","16031391.13",,"16031391.13","6","false","true",
"C","A","20190101","2019","52","2019","646","RWA","Rwanda","M","Import","0","W00","World","0","W00","World","H4","HS","true","7108","Gold (including gold plated with platinum) unwrought or in semi-manufactured forms, or in powder form","4","false","C00","TOTAL CPC","0","0","TOTAL MOT","8","kg","5256.28","false","8","kg","5256.28","false","5256.28","false","0","false","239347214.09","0","239347214.09","0","false","true",
"C","A","20190101","2019","52","2019","662","LCA","Saint Lucia","M","Import","0","W00","World","0","W00","World","H4","HS","true","7108","Gold (including gold plated with platinum) unwrought or in semi-manufactured forms, or in powder form","4","false","C00","TOTAL CPC","0","0","TOTAL MOT","8","kg","4.65","false","8","kg","4.65","false","4.65","false","0","false","12429.36",,"12429.36","0","false","true",
"C","A","20190101","2019","52","2019","682","SAU","Saudi Arabia","M","Import","0","W00","World","0","W00","World","H4","HS","true","7108","Gold (including gold plated with platinum) unwrought or in semi-manufactured forms, or in powder form","4","false","C00","TOTAL CPC","0","0","TOTAL MOT","8","kg","55719.611","true","-1","N/A","0","false","55719.611","true","0","false","2334902615.494",,"2334902615.494","6","false","true",
"C","A","20190101","2019","52","2019","686","SEN","Senegal","M","Import","0","W00","World","0","W00","World","H5","HS","true","7108","Gold (including gold plated with platinum) unwrought or in semi-manufactured forms, or in powder form","4","false","C00","TOTAL CPC","0","0","TOTAL MOT","8","kg","70","false","8","kg","70","false","70","false","0","false","1484540.832",,"1484540.832","0","false","true",
"C","A","20190101","2019","52","2019","688","SRB","Serbia","M","Import","0","W00","World","0","W00","World","H5","HS","true","7108","Gold (including gold plated with platinum) unwrought or in semi-manufactured forms, or in powder form","4","false","C00","TOTAL CPC","0","0","TOTAL MOT","8","kg","203.52","false","15","g","203520","false","203.6","false","0","false","8474149","8390117","8474149","0","false","true",
"C","A","20190101","2019","52","2019","690","SYC","Seychelles","M","Import","0","W00","World","0","W00","World","H5","HS","true","7108","Gold (including gold plated with platinum) unwrought or in semi-manufactured forms, or in powder form","4","false","C00","TOTAL CPC","0","0","TOTAL MOT","8","kg","0.02","false","8","kg","0.02","false","0.02","false","0","false","1632.155","0","1632.155","0","false","true",
"C","A","20190101","2019","52","2019","699","IND","India","M","Import","0","W00","World","0","W00","World","H5","HS","true","7108","Gold (including gold plated with platinum) unwrought or in semi-manufactured forms, or in powder form","4","false","C00","TOTAL CPC","0","0","TOTAL MOT","8","kg","836084.531","true","-1","N/A","0","false","836084.531","true","0","false","31178358667.537","0","31178358667.537","6","false","true",
"C","A","20190101","2019","52","2019","702","SGP","Singapore","M","Import","0","W00","World","0","W00","World","H5","HS","true","7108","Gold (including gold plated with platinum) unwrought or in semi-manufactured forms, or in powder form","4","false","C00","TOTAL CPC","0","0","TOTAL MOT","-1","N/A","0","true","-1","N/A","0","false",,"true","0","false","10092049105.621",,"10092049105.621","6","false","true",
"C","A","20190101","2019","52","2019","703","SVK","Slovakia","M","Import","0","W00","World","0","W00","World","H5","HS","true","7108","Gold (including gold plated with platinum) unwrought or in semi-manufactured forms, or in powder form","4","false","C00","TOTAL CPC","0","0","TOTAL MOT","8","kg","2433.291","true","-1","N/A","0","false","2538.562","true","0","false","106733353.757","106643440.884","106733353.757","6","false","true",
"C","A","20190101","2019","52","2019","704","VNM","Viet Nam","M","Import","0","W00","World","0","W00","World","H5","HS","true","7108","Gold (including gold plated with platinum) unwrought or in semi-manufactured forms, or in powder form","4","false","C00","TOTAL CPC","0","0","TOTAL MOT","8","kg","3942.577","true","-1","N/A","0","false","3942.577","true","0","false","161720880.99",,"161720880.99","6","false","true",
"C","A","20190101","2019","52","2019","705","SVN","Slovenia","M","Import","0","W00","World","0","W00","World","H5","HS","true","7108","Gold (including gold plated with platinum) unwrought or in semi-manufactured forms, or in powder form","4","false","C00","TOTAL CPC","0","0","TOTAL MOT","8","kg","738.373","false","15","g","738372.6","false","744.016","false","0","false","32026962.28",,"32026962.28","0","false","true",
"C","A","20190101","2019","52","2019","710","ZAF","South Africa","M","Import","0","W00","World","0","W00","World","H5","HS","true","7108","Gold (including gold plated with platinum) unwrought or in semi-manufactured forms, or in powder form","4","false","C00","TOTAL CPC","0","0","TOTAL MOT","8","kg","15989.89","false","-1","N/A","0","false","15989.89","false","0","false","0","327515186.329","327515186.329","0","false","true",
"C","A","20190101","2019","52","2019","724","ESP","Spain","M","Import","0","W00","World","0","W00","World","H5","HS","true","7108","Gold (including gold plated with platinum) unwrought or in semi-manufactured forms, or in powder form","4","false","C00","TOTAL CPC","0","0","TOTAL MOT","-1","N/A","0","false","-1","N/A","0","false",,"false","0","false","248327178.93",,"248327178.93","0","false","true",
"C","A","20190101","2019","52","2019","748","SWZ","Eswatini","M","Import","0","W00","World","0","W00","World","H5","HS","true","7108","Gold (including gold plated with platinum) unwrought or in semi-manufactured forms, or in powder form","4","false","C00","TOTAL CPC","0","0","TOTAL MOT","8","kg","0.893","true","-1","N/A","0","false",,"true","0","false","1373.83",,"1373.83","6","false","true",
"C","A","20190101","2019","52","2019","752","SWE","Sweden","M","Import","0","W00","World","0","W00","World","H5","HS","true","7108","Gold (including gold plated with platinum) unwrought or in semi-manufactured forms, or in powder form","4","false","C00","TOTAL CPC","0","0","TOTAL MOT","-1","N/A","0","true","-1","N/A","0","false",,"true","0","false","44568033.118",,"44568033.118","6","false","true",
"C","A","20190101","2019","52","2019","757","CHE","Switzerland","M","Import","0","W00","World","0","W00","World","H5","HS","true","7108","Gold (including gold plated with platinum) unwrought or in semi-manufactured forms, or in powder form","4","false","C00","TOTAL CPC","0","0","TOTAL MOT","-1","N/A","0","true","-1","N/A","0","false","0","true","0","false","60626111232.702","0","60626111232.702","6","false","true",
"C","A","20190101","2019","52","2019","764","THA","Thailand","M","Import","0","W00","World","0","W00","World","H5","HS","true","7108","Gold (including gold plated with platinum) unwrought or in semi-manufactured forms, or in powder form","4","false","C00","TOTAL CPC","0","0","TOTAL MOT","-1","N/A","0","false","-1","N/A","0","false",,"false","0","false","6963483175.776",,"6963483175.776","0","false","true",
"C","A","20190101","2019","52","2019","776","TON","Tonga","M","Import","0","W00","World","0","W00","World","H5","HS","true","7108","Gold (including gold plated with platinum) unwrought or in semi-manufactured forms, or in powder form","4","false","C00","TOTAL CPC","0","0","TOTAL MOT","8","kg","0.08","true","-1","N/A","0","false","0.08","true","0","false","3347.252",,"3347.252","6","false","true",
"C","A","20190101","2019","52","2019","780","TTO","Trinidad and Tobago","M","Import","0","W00","World","0","W00","World","H4","HS","true","7108","Gold (including gold plated with platinum) unwrought or in semi-manufactured forms, or in powder form","4","false","C00","TOTAL CPC","0","0","TOTAL MOT","8","kg","171.992","true","-1","N/A","0","false","171.992","true","0","false","563014.311","0","563014.311","6","false","true",
"C","A","20190101","2019","52","2019","784","ARE","United Arab Emirates","M","Import","0","W00","World","0","W00","World","H5","HS","true","7108","Gold (including gold plated with platinum) unwrought or in semi-manufactured forms, or in powder form","4","false","C00","TOTAL CPC","0","0","TOTAL MOT","8","kg","816598.05","false","8","kg","816598.05","false","816598.05","false","0","false","32133977058.045","0","32133977058.045","0","false","true",
"C","A","20190101","2019","52","2019","788","TUN","Tunisia","M","Import","0","W00","World","0","W00","World","H5","HS","true","7108","Gold (including gold plated with platinum) unwrought or in semi-manufactured forms, or in powder form","4","false","C00","TOTAL CPC","0","0","TOTAL MOT","8","kg","480","false","8","kg","480","false","480","false","0","false","19867968.695",,"19867968.695","0","false","true",
"C","A","20190101","2019","52","2019","792","TUR","Türkiye","M","Import","0","W00","World","0","W00","World","H5","HS","true","7108","Gold (including gold plated with platinum) unwrought or in semi-manufactured forms, or in powder form","4","false","C00","TOTAL CPC","0","0","TOTAL MOT","8","kg","290110.893","false","15","g","290110893","false","290157","false","0","false","11268688334","11224565261","11268688334","0","false","true",
"C","A","20190101","2019","52","2019","800","UGA","Uganda","M","Import","0","W00","World","0","W00","World","H5","HS","true","7108","Gold (including gold plated with platinum) unwrought or in semi-manufactured forms, or in powder form","4","false","C00","TOTAL CPC","0","0","TOTAL MOT","8","kg","31771.237","false","15","g","31771237","false","31649.881","false","0","false","1317250045.5","0","1317250045.5","0","false","true",
"C","A","20190101","2019","52","2019","804","UKR","Ukraine","M","Import","0","W00","World","0","W00","World","H4","HS","true","7108","Gold (including gold plated with platinum) unwrought or in semi-manufactured forms, or in powder form","4","false","C00","TOTAL CPC","0","0","TOTAL MOT","8","kg","467.685","false","15","g","429623.01","false","468.605","false","0","false","21660265.45","0","21660265.45","0","false","true",
"C","A","20190101","2019","52","2019","807","MKD","North Macedonia","M","Import","0","W00","World","0","W00","World","H5","HS","true","7108","Gold (including gold plated with platinum) unwrought or in semi-manufactured forms, or in powder form","4","false","C00","TOTAL CPC","0","0","TOTAL MOT","8","kg","2.256","true","-1","N/A","0","false","2.256","true","0","false","94813.53","0","94813.53","6","false","true",
"C","A","20190101","2019","52","2019","818","EGY","Egypt","M","Import","0","W00","World","0","W00","World","H4","HS","true","7108","Gold (including gold plated with platinum) unwrought or in semi-manufactured forms, or in powder form","4","false","C00","TOTAL CPC","0","0","TOTAL MOT","8","kg","3135.213","true","-1","N/A","0","false","3135.213","true","0","false","131100491.629",,"131100491.629","6","false","true",
"C","A","20190101","2019","52","2019","826","GBR","United Kingdom","M","Import","0","W00","World","0","W00","World","H5","HS","true","7108","Gold (including gold plated with platinum) unwrought or in semi-manufactured forms, or in powder form","4","false","C00","TOTAL CPC","0","0","TOTAL MOT","8","kg","1527655.29","true","-1","N/A","0","false","1527776.322","true","0","false","70774753639.104",,"70774753639.104","6","false","true",
"C","A","20190101","2019","52","2019","834","TZA","United Rep. of Tanzania","M","Import","0","W00","World","0","W00","World","H5","HS","true","7108","Gold (including gold plated with platinum) unwrought or in semi-manufactured forms, or in powder form","4","false","C00","TOTAL CPC","0","0","TOTAL MOT","8","kg","0.018","false","15","g","18","false","0","false","0","false","4596.77","0","4596.77","0","false","true",
"C","A","20190101","2019","52","2019","842","USA","USA","M","Import","0","W00","World","0","W00","World","H5","HS","true","7108","Gold (including gold plated with platinum) unwrought or in semi-manufactured forms, or in powder form","4","false","C00","TOTAL CPC","0","0","TOTAL MOT","8","kg","218612.288","true","-1","N/A","0","false","218612.288","true","0","false","9685383787","9681074925","9685383787","6","false","true",
"C","A","20190101","2019","52","2019","854","BFA","Burkina Faso","M","Import","0","W00","World","0","W00","World","H5","HS","true","7108","Gold (including gold plated with platinum) unwrought or in semi-manufactured forms, or in powder form","4","false","C00","TOTAL CPC","0","0","TOTAL MOT","-1","N/A","0","true","-1","N/A","0","false","0","true","0","false","11088.533","0","11088.533","6","false","true",
"C","A","20190101","2019","52","2019","858","URY","Uruguay","M","Import","0","W00","World","0","W00","World","H5","HS","true","7108","Gold (including gold plated with platinum) unwrought or in semi-manufactured forms, or in powder form","4","false","C00","TOTAL CPC","0","0","TOTAL MOT","-1","N/A","0","false","-1","N/A","0","false",,"false","0","false","8791.01","8425.62","8791.01","0","false","true",
"C","A","20190101","2019","52","2019","860","UZB","Uzbekistan","M","Import","0","W00","World","0","W00","World","H5","HS","true","7108","Gold (including gold plated with platinum) unwrought or in semi-manufactured forms, or in powder form","4","false","C00","TOTAL CPC","0","0","TOTAL MOT","8","kg","310.287","true","-1","N/A","0","false","310.287","true","0","false","15723369",,"15723369","6","false","true",
"C","A","20190101","2019","52","2019","882","WSM","Samoa","M","Import","0","W00","World","0","W00","World","H4","HS","true","7108","Gold (including gold plated with platinum) unwrought or in semi-manufactured forms, or in powder form","4","false","C00","TOTAL CPC","0","0","TOTAL MOT","8","kg","0.003","false","15","g","3.2","false","0.003","false","0","false","3996.53",,"3996.53","0","false","true",
"C","A","20190101","2019","52","2019","894","ZMB","Zambia","M","Import","0","W00","World","0","W00","World","H5","HS","true","7108","Gold (including gold plated with platinum) unwrought or in semi-manufactured forms, or in powder form","4","false","C00","TOTAL CPC","0","0","TOTAL MOT","8","kg","0.032","true","-1","N/A","0","false","0.032","true","0","false","6614.295",,"6614.295","6","false","true",
