Date,WTI,Brent,Spread
2006-01-03,63.11,61.51,1.6
2006-01-04,63.41,61.25,2.16
2006-01-05,62.81,61.68,1.13
2006-01-06,64.21,62.43,1.78
2006-01-09,63.56,62.51,1.05
2006-01-10,63.41,62.32,1.09
2006-01-11,63.91,61.54,2.37
2006-01-12,63.96,62.95,1.01
2006-01-13,63.86,61.58,2.28
2006-01-16,63.86,62.34,1.52
2006-01-17,66.36,63.22,3.14
2006-01-18,65.76,63.6,2.16
2006-01-19,66.86,63.64,3.22
2006-01-20,68.16,64.92,3.24
2006-01-23,68.06,64.56,3.5
2006-01-24,66.83,63.82,3.01
2006-01-25,65.6,62.61,2.99
2006-01-26,65.8,62.93,2.87
2006-01-27,67.81,64.95,2.86
2006-01-30,68.36,65.14,3.22
2006-01-31,67.86,63.19,4.67
2006-02-01,66.61,65.64,0.97
2006-02-02,64.71,63.49,1.22
2006-02-03,65.41,62.54,2.87
2006-02-06,65.11,63.32,1.79
2006-02-07,63.01,61.64,1.37
2006-02-08,62.51,60.82,1.69
2006-02-09,62.66,60.7,1.96
2006-02-10,62.01,59.66,2.35
2006-02-13,61.26,59.16,2.1
2006-02-14,59.61,58.27,1.34
2006-02-15,57.61,57.67,-0.06
2006-02-16,58.61,56.78,1.83
2006-02-17,59.76,58.34,1.42
2006-02-20,59.76,60.05,-0.29
2006-02-21,61.21,59.35,1.86
2006-02-22,59.03,58.71,0.32
2006-02-23,58.03,58.71,-0.68
2006-02-24,61.46,60.13,1.33
2006-02-27,61.01,59.44,1.57
2006-02-28,61.37,59.78,1.59
2006-03-01,62.01,61.12,0.89
2006-03-02,63.36,62.27,1.09
2006-03-03,63.61,62.69,0.92
2006-03-06,62.46,61.41,1.05
2006-03-07,61.51,59.79,1.72
2006-03-08,60.06,58.42,1.64
2006-03-09,60.51,58.82,1.69
2006-03-10,59.91,59.04,0.87
2006-03-13,61.81,60.99,0.82
2006-03-14,63.01,62.39,0.62
2006-03-15,62.11,63.12,-1.01
2006-03-16,63.46,62.07,1.39
2006-03-17,62.81,63.54,-0.73
2006-03-20,60.31,62.3,-1.99
2006-03-21,60.41,59.96,0.45
2006-03-22,60.03,61.23,-1.2
2006-03-23,62.13,61.76,0.37
2006-03-24,63.9,62.78,1.12
2006-03-27,63.75,62.59,1.16
2006-03-28,65.65,64.31,1.34
2006-03-29,66.0,64.88,1.12
2006-03-30,66.7,65.95,0.75
2006-03-31,66.25,66.06,0.19
2006-04-03,66.07,67.28,-1.21
2006-04-04,65.75,65.93,-0.18
2006-04-05,66.76,66.74,0.02
2006-04-06,67.22,67.58,-0.36
2006-04-07,67.02,67.11,-0.09
2006-04-10,68.29,68.2,0.09
2006-04-11,69.03,68.52,0.51
2006-04-12,68.53,69.54,-1.01
2006-04-13,69.53,69.39,0.14
2006-04-17,70.3,69.39,0.91
2006-04-18,71.28,70.97,0.31
2006-04-19,72.07,72.69,-0.62
2006-04-20,71.96,72.57,-0.61
2006-04-21,73.73,73.94,-0.21
2006-04-24,70.19,73.96,-3.77
2006-04-25,67.43,72.86,-5.43
2006-04-26,71.71,73.46,-1.75
2006-04-27,70.76,71.79,-1.03
2006-04-28,71.8,72.15,-0.35
2006-05-01,73.75,73.37,0.38
2006-05-02,74.62,74.45,0.17
2006-05-03,72.26,73.73,-1.47
2006-05-04,69.98,71.84,-1.86
2006-05-05,70.09,71.22,-1.13
2006-05-08,69.75,68.26,1.49
2006-05-09,70.71,70.6,0.11
2006-05-10,72.15,69.83,2.32
2006-05-11,73.0,72.2,0.8
2006-05-12,71.87,71.3,0.57
2006-05-15,69.25,68.69,0.56
2006-05-16,69.4,68.66,0.74
2006-05-17,68.65,67.52,1.13
2006-05-18,69.63,67.39,2.24
2006-05-19,68.44,66.93,1.51
2006-05-22,69.23,66.52,2.71
2006-05-23,70.78,68.97,1.81
2006-05-24,69.47,68.45,1.02
2006-05-25,70.92,68.51,2.41
2006-05-26,71.35,69.88,1.47
2006-05-29,71.35,69.16,2.19
2006-05-30,71.85,69.82,2.03
2006-05-31,71.42,67.57,3.85
2006-06-01,70.11,68.77,1.34
2006-06-02,72.73,68.42,4.31
2006-06-05,72.5,69.13,3.37
2006-06-06,72.43,68.25,4.18
2006-06-07,70.9,67.17,3.73
2006-06-08,70.25,65.76,4.49
2006-06-09,71.62,69.13,2.49
2006-06-12,70.28,68.62,1.66
2006-06-13,68.48,65.67,2.81
2006-06-14,69.12,65.52,3.6
2006-06-15,69.78,66.04,3.74
2006-06-16,69.75,65.01,4.74
2006-06-19,69.21,66.4,2.81
2006-06-20,69.3,67.57,1.73
2006-06-21,70.07,68.17,1.9
2006-06-22,70.62,69.6,1.02
2006-06-23,70.5,69.91,0.59
2006-06-26,71.63,69.85,1.78
2006-06-27,72.05,71.26,0.79
2006-06-28,72.15,71.76,0.39
2006-06-29,73.5,73.02,0.48
2006-06-30,73.94,73.2,0.74
2006-07-03,73.94,73.94,0.0
2006-07-04,73.94,73.17,0.77
2006-07-05,75.2,72.88,2.32
2006-07-06,75.0,73.12,1.88
2006-07-07,73.76,74.14,-0.38
2006-07-10,73.5,72.39,1.11
2006-07-11,74.05,73.14,0.91
2006-07-12,74.99,73.04,1.95
2006-07-13,76.7,75.23,1.47
2006-07-14,76.8,76.13,0.67
2006-07-17,75.7,75.12,0.58
2006-07-18,73.87,75.32,-1.45
2006-07-19,72.79,71.62,1.17
2006-07-20,74.0,72.56,1.44
2006-07-21,73.52,72.96,0.56
2006-07-24,74.29,72.09,2.2
2006-07-25,73.46,72.49,0.97
2006-07-26,73.82,73.76,0.06
2006-07-27,74.5,75.36,-0.86
2006-07-28,73.3,73.95,-0.65
2006-07-31,74.56,74.75,-0.19
2006-08-01,74.93,76.39,-1.46
2006-08-02,76.16,77.63,-1.47
2006-08-03,75.59,76.28,-0.69
2006-08-04,74.78,76.53,-1.75
2006-08-07,77.05,77.82,-0.77
2006-08-08,76.29,77.93,-1.64
2006-08-09,76.28,78.26,-1.98
2006-08-10,74.17,75.69,-1.52
2006-08-11,74.38,75.19,-0.81
2006-08-14,73.33,73.78,-0.45
2006-08-15,72.95,73.57,-0.62
2006-08-16,71.64,72.67,-1.03
2006-08-17,70.12,70.42,-0.3
2006-08-18,70.93,71.3,-0.37
2006-08-21,72.45,72.42,0.03
2006-08-22,72.55,72.06,0.49
2006-08-23,71.45,71.12,0.33
2006-08-24,72.02,71.4,0.62
2006-08-25,72.13,72.58,-0.45
2006-08-28,70.47,69.44,1.03
2006-08-29,69.74,67.01,2.73
2006-08-30,70.2,67.15,3.05
2006-08-31,70.38,67.66,2.72
2006-09-01,69.24,70.49,-1.25
2006-09-04,69.24,68.62,0.62
2006-09-05,68.7,65.94,2.76
2006-09-06,67.75,65.41,2.34
2006-09-07,67.37,64.52,2.85
2006-09-08,66.3,64.3,2.0
2006-09-11,65.42,62.41,3.01
2006-09-12,63.81,62.23,1.58
2006-09-13,64.09,61.28,2.81
2006-09-14,63.27,60.75,2.52
2006-09-15,63.3,60.23,3.07
2006-09-18,63.84,61.47,2.37
2006-09-19,61.77,62.52,-0.75
2006-09-20,60.0,59.09,0.91
2006-09-21,61.62,59.27,2.35
2006-09-22,59.79,58.81,0.98
2006-09-25,60.74,57.89,2.85
2006-09-26,60.63,58.53,2.1
2006-09-27,62.96,57.6,5.36
2006-09-28,62.46,60.68,1.78
2006-09-29,62.9,59.09,3.81
2006-10-02,60.96,58.8,2.16
2006-10-03,58.64,56.28,2.36
2006-10-04,59.53,55.82,3.71
2006-10-05,60.02,57.93,2.09
2006-10-06,59.68,56.9,2.78
2006-10-09,59.93,59.25,0.68
2006-10-10,58.5,57.8,0.7
2006-10-11,57.56,57.75,-0.19
2006-10-12,58.23,57.87,0.36
2006-10-13,58.69,58.97,-0.28
2006-10-16,59.91,58.22,1.69
2006-10-17,58.91,60.13,-1.22
2006-10-18,57.66,58.51,-0.85
2006-10-19,58.55,57.74,0.81
2006-10-20,57.35,57.94,-0.59
2006-10-23,56.74,56.56,0.18
2006-10-24,57.55,56.56,0.99
2006-10-25,59.09,58.79,0.3
2006-10-26,60.27,58.76,1.51
2006-10-27,60.75,57.99,2.76
2006-10-30,58.41,57.08,1.33
2006-10-31,58.72,56.13,2.59
2006-11-01,58.64,56.37,2.27
2006-11-02,57.87,56.26,1.61
2006-11-03,59.13,56.55,2.58
2006-11-06,60.11,57.02,3.09
2006-11-07,58.94,56.99,1.95
2006-11-08,59.93,57.18,2.75
2006-11-09,61.18,59.72,1.46
2006-11-10,59.66,59.18,0.48
2006-11-13,58.59,56.88,1.71
2006-11-14,58.28,57.9,0.38
2006-11-15,58.79,57.97,0.82
2006-11-16,56.23,59.5,-3.27
2006-11-17,55.9,57.01,-1.11
2006-11-20,56.42,57.38,-0.96
2006-11-21,58.01,59.53,-1.52
2006-11-22,57.28,58.66,-1.38
2006-11-23,57.28,59.7,-2.42
2006-11-24,57.28,60.72,-3.44
2006-11-27,60.3,60.52,-0.22
2006-11-28,60.97,61.22,-0.25
2006-11-29,62.45,62.13,0.32
2006-11-30,62.97,64.36,-1.39
2006-12-01,63.43,64.74,-1.31
2006-12-04,62.39,63.97,-1.58
2006-12-05,62.4,63.65,-1.25
2006-12-06,62.2,63.7,-1.5
2006-12-07,62.54,63.17,-0.63
2006-12-08,62.06,63.67,-1.61
2006-12-11,61.26,62.59,-1.33
2006-12-12,61.06,62.58,-1.52
2006-12-13,61.34,61.89,-0.55
2006-12-14,62.48,62.85,-0.37
2006-12-15,63.4,62.91,0.49
2006-12-18,62.19,62.81,-0.62
2006-12-19,62.87,62.19,0.68
2006-12-20,63.08,63.13,-0.05
2006-12-21,62.05,62.13,-0.08
2006-12-22,61.81,61.92,-0.11
2006-12-26,61.07,61.92,-0.85
2006-12-27,60.31,60.7,-0.39
2006-12-28,60.39,59.41,0.98
2006-12-29,60.85,58.96,1.89
2007-01-02,60.77,58.49,2.28
2007-01-03,58.31,56.63,1.68
2007-01-04,55.65,54.58,1.07
2007-01-05,56.29,52.82,3.47
2007-01-08,56.08,52.82,3.26
2007-01-09,55.65,52.38,3.27
2007-01-10,53.95,52.11,1.84
2007-01-11,51.91,51.68,0.23
2007-01-12,52.96,49.95,3.01
2007-01-16,51.23,51.28,-0.05
2007-01-17,52.3,51.19,1.11
2007-01-18,50.51,50.83,-0.32
2007-01-19,51.98,52.29,-0.31
2007-01-22,51.11,54.34,-3.23
2007-01-23,53.61,53.93,-0.32
2007-01-24,54.24,55.11,-0.87
2007-01-25,53.49,55.67,-2.18
2007-01-26,55.38,55.29,0.09
2007-01-29,54.01,54.71,-0.7
2007-01-30,57.03,54.69,2.34
2007-01-31,58.17,56.52,1.65
2007-02-01,57.35,56.74,0.61
2007-02-02,59.01,56.93,2.08
2007-02-05,58.69,58.67,0.02
2007-02-06,58.91,58.04,0.87
2007-02-07,57.75,58.35,-0.6
2007-02-08,59.76,57.24,2.52
2007-02-09,59.86,57.21,2.65
2007-02-12,57.76,55.52,2.24
2007-02-13,58.98,56.12,2.86
2007-02-14,58.0,55.05,2.95
2007-02-15,57.92,54.25,3.67
2007-02-16,59.38,56.78,2.6
2007-02-20,58.32,55.91,2.41
2007-02-21,59.4,57.74,1.66
2007-02-22,60.28,58.62,1.66
2007-02-23,60.28,60.38,-0.1
2007-02-26,61.41,60.34,1.07
2007-02-27,61.46,60.28,1.18
2007-02-28,61.78,59.39,2.39
2007-03-01,61.97,61.18,0.79
2007-03-02,61.58,61.92,-0.34
2007-03-05,60.05,59.78,0.27
2007-03-06,60.66,59.68,0.98
2007-03-07,61.85,61.13,0.72
2007-03-08,61.63,60.9,0.73
2007-03-09,60.06,60.25,-0.19
2007-03-12,58.94,60.59,-1.65
2007-03-13,58.03,61.52,-3.49
2007-03-14,58.15,60.89,-2.74
2007-03-15,57.52,60.4,-2.88
2007-03-16,57.06,60.93,-3.87
2007-03-19,56.65,60.49,-3.84
2007-03-20,56.41,60.11,-3.7
2007-03-21,56.98,60.18,-3.2
2007-03-22,60.21,61.57,-1.36
2007-03-23,61.07,63.1,-2.03
2007-03-26,61.77,64.43,-2.66
2007-03-27,62.98,64.25,-1.27
2007-03-28,64.11,66.15,-2.04
2007-03-29,66.1,67.19,-1.09
2007-03-30,65.94,68.47,-2.53
2007-04-02,66.03,68.94,-2.91
2007-04-03,64.59,68.0,-3.41
2007-04-04,64.4,68.09,-3.69
2007-04-05,64.26,69.15,-4.89
2007-04-09,61.51,69.15,-7.64
2007-04-10,61.92,67.64,-5.72
2007-04-11,61.98,68.6,-6.62
2007-04-12,63.87,67.79,-3.92
2007-04-13,63.63,68.78,-5.15
2007-04-16,63.63,67.1,-3.47
2007-04-17,63.14,66.34,-3.2
2007-04-18,63.14,65.09,-1.95
2007-04-19,61.81,66.17,-4.36
2007-04-20,63.56,66.34,-2.78
2007-04-23,65.33,66.8,-1.47
2007-04-24,64.1,67.94,-3.84
2007-04-25,65.33,67.44,-2.11
2007-04-26,65.08,67.51,-2.43
2007-04-27,66.45,67.28,-0.83
2007-04-30,65.78,67.23,-1.45
2007-05-01,64.43,67.4,-2.97
2007-05-02,63.78,65.57,-1.79
2007-05-03,63.23,64.85,-1.62
2007-05-04,61.89,65.14,-3.25
2007-05-07,61.48,62.7,-1.22
2007-05-08,62.26,63.55,-1.29
2007-05-09,61.54,63.5,-1.96
2007-05-10,61.85,64.63,-2.78
2007-05-11,62.35,65.18,-2.83
2007-05-14,62.55,65.86,-3.31
2007-05-15,63.16,66.74,-3.58
2007-05-16,62.57,66.83,-4.26
2007-05-17,64.83,69.08,-4.25
2007-05-18,64.93,69.26,-4.33
2007-05-21,66.25,69.51,-3.26
2007-05-22,64.91,70.05,-5.14
2007-05-23,65.1,71.01,-5.91
2007-05-24,63.62,71.96,-8.34
2007-05-25,64.59,70.72,-6.13
2007-05-29,63.19,69.31,-6.12
2007-05-30,63.47,67.64,-4.17
2007-05-31,64.02,68.18,-4.16
2007-06-01,65.09,68.65,-3.56
2007-06-04,66.17,70.9,-4.73
2007-06-05,65.63,71.36,-5.73
2007-06-06,65.97,71.5,-5.53
2007-06-07,66.93,72.36,-5.43
2007-06-08,64.78,70.04,-5.26
2007-06-11,65.93,68.85,-2.92
2007-06-12,65.36,68.56,-3.2
2007-06-13,66.17,69.24,-3.07
2007-06-14,67.62,71.18,-3.56
2007-06-15,68.04,71.63,-3.59
2007-06-18,69.06,72.33,-3.27
2007-06-19,69.15,72.17,-3.02
2007-06-20,68.5,70.55,-2.05
2007-06-21,68.35,71.81,-3.46
2007-06-22,68.85,72.04,-3.19
2007-06-25,68.83,71.36,-2.53
2007-06-26,67.78,71.41,-3.63
2007-06-27,68.98,71.84,-2.86
2007-06-28,69.61,71.96,-2.35
2007-06-29,70.47,72.22,-1.75
2007-07-02,71.11,72.9,-1.79
2007-07-03,71.41,74.26,-2.85
2007-07-05,71.81,75.4,-3.59
2007-07-06,72.8,76.58,-3.78
2007-07-09,72.14,77.1,-4.96
2007-07-10,72.8,77.88,-5.08
2007-07-11,72.58,77.44,-4.86
2007-07-12,72.55,78.24,-5.69
2007-07-13,73.89,78.12,-4.23
2007-07-16,74.11,78.17,-4.06
2007-07-17,74.03,77.59,-3.56
2007-07-18,75.03,78.0,-2.97
2007-07-19,75.9,78.37,-2.47
2007-07-20,75.53,79.09,-3.56
2007-07-23,74.65,78.36,-3.71
2007-07-24,73.38,75.88,-2.5
2007-07-25,75.74,75.21,0.53
2007-07-26,74.96,77.28,-2.32
2007-07-27,77.03,76.58,0.45
2007-07-30,76.82,76.07,0.75
2007-07-31,78.2,77.01,1.19
2007-08-01,76.49,77.11,-0.62
2007-08-02,76.84,76.14,0.7
2007-08-03,75.41,75.36,0.05
2007-08-06,72.03,72.69,-0.66
2007-08-07,72.25,70.42,1.83
2007-08-08,72.23,70.73,1.5
2007-08-09,71.62,70.08,1.54
2007-08-10,71.49,69.57,1.92
2007-08-13,71.6,71.3,0.3
2007-08-14,72.4,69.29,3.11
2007-08-15,73.36,71.3,2.06
2007-08-16,70.99,68.77,2.22
2007-08-17,71.9,69.8,2.1
2007-08-20,71.12,68.37,2.75
2007-08-21,69.49,67.88,1.61
2007-08-22,69.3,67.73,1.57
2007-08-23,69.86,68.73,1.13
2007-08-24,71.17,69.49,1.68
2007-08-27,71.98,68.85,3.13
2007-08-28,71.79,69.66,2.13
2007-08-29,73.52,70.48,3.04
2007-08-30,73.37,71.46,1.91
2007-08-31,73.98,72.29,1.69
2007-09-04,75.07,74.22,0.85
2007-09-05,75.74,74.72,1.02
2007-09-06,76.34,76.21,0.13
2007-09-07,76.7,75.08,1.62
2007-09-10,77.53,74.97,2.56
2007-09-11,78.16,76.23,1.93
2007-09-12,79.85,77.15,2.7
2007-09-13,80.05,77.84,2.21
2007-09-14,79.14,78.27,0.87
2007-09-17,80.55,77.99,2.56
2007-09-18,81.51,77.0,4.51
2007-09-19,81.99,78.47,3.52
2007-09-20,83.85,78.48,5.37
2007-09-21,83.38,78.91,4.47
2007-09-24,82.51,77.87,4.64
2007-09-25,81.2,76.82,4.38
2007-09-26,80.31,76.21,4.1
2007-09-27,82.86,78.88,3.98
2007-09-28,81.64,80.97,0.67
2007-10-01,80.31,78.33,1.98
2007-10-02,80.0,76.87,3.13
2007-10-03,79.97,77.8,2.17
2007-10-04,81.48,77.84,3.64
2007-10-05,81.2,79.05,2.15
2007-10-08,78.97,76.94,2.03
2007-10-09,80.23,77.82,2.41
2007-10-10,81.3,77.85,3.45
2007-10-11,83.05,80.83,2.22
2007-10-12,83.73,80.82,2.91
2007-10-15,86.19,82.5,3.69
2007-10-16,87.58,84.43,3.15
2007-10-17,87.19,85.24,1.95
2007-10-18,89.48,85.03,4.45
2007-10-19,88.58,84.25,4.33
2007-10-22,87.6,82.72,4.88
2007-10-23,86.45,82.31,4.14
2007-10-24,88.3,83.47,4.83
2007-10-25,92.09,85.4,6.69
2007-10-26,91.73,84.71,7.02
2007-10-29,93.45,89.87,3.58
2007-10-30,90.33,89.87,0.46
2007-10-31,94.16,89.87,4.29
2007-11-01,93.53,90.36,3.17
2007-11-02,95.81,92.11,3.7
2007-11-05,94.06,92.16,1.9
2007-11-06,96.65,93.99,2.66
2007-11-07,96.46,94.85,1.61
2007-11-08,95.51,94.4,1.11
2007-11-09,96.36,92.32,4.04
2007-11-12,94.4,91.56,2.84
2007-11-13,91.18,89.09,2.09
2007-11-14,94.02,90.73,3.29
2007-11-15,93.37,90.32,3.05
2007-11-16,94.81,91.99,2.82
2007-11-19,95.75,91.59,4.16
2007-11-20,99.16,94.13,5.03
2007-11-21,98.57,94.97,3.6
2007-11-23,98.24,95.33,2.91
2007-11-26,97.66,94.88,2.78
2007-11-27,94.39,93.23,1.16
2007-11-28,90.71,91.64,-0.93
2007-11-29,90.98,92.34,-1.36
2007-11-30,88.6,88.71,-0.11
2007-12-03,89.29,87.85,1.44
2007-12-04,88.31,89.97,-1.66
2007-12-05,87.45,90.7,-3.25
2007-12-06,90.25,88.46,1.79
2007-12-07,88.23,88.46,-0.23
2007-12-10,87.72,87.33,0.39
2007-12-11,90.12,87.77,2.35
2007-12-12,94.41,91.69,2.72
2007-12-13,92.35,92.57,-0.22
2007-12-14,91.31,91.86,-0.55
2007-12-17,90.69,90.32,0.37
2007-12-18,89.93,90.71,-0.78
2007-12-19,91.11,90.98,0.13
2007-12-20,90.88,91.06,-0.18
2007-12-21,93.19,91.03,2.16
2007-12-24,94.0,91.59,2.41
2007-12-26,95.89,91.59,4.3
2007-12-27,96.63,95.66,0.97
2007-12-28,96.03,95.92,0.11
2007-12-31,95.95,93.68,2.27
2008-01-02,99.64,97.01,2.63
2008-01-03,99.17,98.45,0.72
2008-01-04,97.9,96.87,1.03
2008-01-07,95.08,94.19,0.89
2008-01-08,96.43,96.37,0.06
2008-01-09,95.64,96.76,-1.12
2008-01-10,93.92,92.8,1.12
2008-01-11,92.74,91.86,0.88
2008-01-14,94.23,92.58,1.65
2008-01-15,91.87,90.87,1.0
2008-01-16,90.8,88.1,2.7
2008-01-17,90.11,88.96,1.15
2008-01-18,90.55,89.66,0.89
2008-01-22,89.64,88.11,1.53
2008-01-23,87.65,87.06,0.59
2008-01-24,89.98,87.69,2.29
2008-01-25,90.37,90.96,-0.59
2008-01-28,90.99,90.91,0.08
2008-01-29,91.66,92.49,-0.83
2008-01-30,92.34,92.46,-0.12
2008-01-31,91.67,91.58,0.09
2008-02-01,89.03,91.41,-2.38
2008-02-04,90.07,91.09,-1.02
2008-02-05,88.32,89.6,-1.28
2008-02-06,87.16,88.73,-1.57
2008-02-07,88.07,88.55,-0.48
2008-02-08,91.77,91.45,0.32
2008-02-11,93.56,93.93,-0.37
2008-02-12,92.82,94.28,-1.46
2008-02-13,93.28,93.82,-0.54
2008-02-14,95.42,95.92,-0.5
2008-02-15,95.57,96.96,-1.39
2008-02-19,99.99,97.03,2.96
2008-02-20,100.86,97.88,2.98
2008-02-21,98.57,97.52,1.05
2008-02-22,99.03,96.07,2.96
2008-02-25,99.4,97.43,1.97
2008-02-26,100.83,99.05,1.78
2008-02-27,99.59,98.28,1.31
2008-02-28,102.6,99.83,2.77
2008-02-29,101.78,100.9,0.88
2008-03-03,102.42,101.83,0.59
2008-03-04,99.72,98.6,1.12
2008-03-05,104.45,100.95,3.5
2008-03-06,105.51,103.47,2.04
2008-03-07,105.12,104.66,0.46
2008-03-10,107.9,105.33,2.57
2008-03-11,108.73,106.78,1.95
2008-03-12,109.86,107.99,1.87
2008-03-13,110.21,109.18,1.03
2008-03-14,110.03,109.16,0.87
2008-03-17,105.74,104.41,1.33
2008-03-18,109.57,105.35,4.22
2008-03-19,103.25,102.65,0.6
2008-03-20,102.57,99.78,2.79
2008-03-24,101.7,100.93,0.77
2008-03-25,101.78,99.91,1.87
2008-03-26,105.83,102.83,3.0
2008-03-27,107.56,103.89,3.67
2008-03-28,105.59,102.68,2.91
2008-03-31,101.54,102.33,-0.79
2008-04-01,100.92,98.69,2.23
2008-04-02,104.83,98.85,5.98
2008-04-03,103.92,102.31,1.61
2008-04-04,106.09,102.21,3.88
2008-04-07,108.91,105.98,2.93
2008-04-08,108.54,105.05,3.49
2008-04-09,110.89,107.46,3.43
2008-04-10,110.07,107.37,2.7
2008-04-11,110.14,107.15,2.99
2008-04-14,111.71,108.32,3.39
2008-04-15,113.77,110.84,2.93
2008-04-16,114.8,110.95,3.85
2008-04-17,114.8,111.34,3.46
2008-04-18,116.56,110.67,5.89
2008-04-21,117.48,111.35,6.13
2008-04-22,119.17,113.54,5.63
2008-04-23,119.28,115.34,3.94
2008-04-24,117.1,114.85,2.25
2008-04-25,119.64,116.62,3.02
2008-04-28,118.78,115.7,3.08
2008-04-29,115.67,113.86,1.81
2008-04-30,113.7,111.12,2.58
2008-05-01,112.6,107.3,5.3
2008-05-02,116.36,111.92,4.44
2008-05-05,119.94,115.68,4.26
2008-05-06,121.82,119.88,1.94
2008-05-07,123.56,120.27,3.29
2008-05-08,123.77,119.85,3.92
2008-05-09,125.94,123.54,2.4
2008-05-12,124.02,122.89,1.13
2008-05-13,125.83,123.11,2.72
2008-05-14,124.21,121.18,3.03
2008-05-15,124.25,122.76,1.49
2008-05-16,126.5,122.98,3.52
2008-05-19,127.15,122.19,4.96
2008-05-20,128.93,124.12,4.81
2008-05-21,132.99,127.28,5.71
2008-05-22,130.04,129.04,1.0
2008-05-23,131.58,129.72,1.86
2008-05-27,128.81,128.92,-0.11
2008-05-28,131.0,128.93,2.07
2008-05-29,126.7,129.33,-2.63
2008-05-30,127.35,127.85,-0.5
2008-06-02,127.75,128.5,-0.75
2008-06-03,124.33,126.28,-1.95
2008-06-04,122.3,121.72,0.58
2008-06-05,127.93,122.36,5.57
2008-06-06,138.51,132.81,5.7
2008-06-09,134.44,134.43,0.01
2008-06-10,131.38,135.24,-3.86
2008-06-11,136.43,134.52,1.91
2008-06-12,136.91,132.11,4.8
2008-06-13,134.84,134.29,0.55
2008-06-16,134.52,133.9,0.62
2008-06-17,133.99,131.27,2.72
2008-06-18,136.54,129.12,7.42
2008-06-19,131.88,131.84,0.04
2008-06-20,134.78,134.28,0.5
2008-06-23,135.98,134.54,1.44
2008-06-24,136.49,135.37,1.12
2008-06-25,133.92,131.59,2.33
2008-06-26,138.91,136.82,2.09
2008-06-27,139.69,139.38,0.31
2008-06-30,139.96,138.4,1.56
2008-07-01,141.06,140.67,0.39
2008-07-02,143.74,141.24,2.5
2008-07-03,145.31,143.95,1.36
2008-07-07,141.38,139.62,1.76
2008-07-08,136.06,134.15,1.91
2008-07-09,135.88,133.91,1.97
2008-07-10,141.47,135.81,5.66
2008-07-11,144.96,143.68,1.28
2008-07-14,145.16,142.43,2.73
2008-07-15,138.68,136.02,2.66
2008-07-16,134.63,133.31,1.32
2008-07-17,129.43,134.16,-4.73
2008-07-18,128.94,129.34,-0.4
2008-07-21,131.43,129.34,2.09
2008-07-22,127.25,127.18,0.07
2008-07-23,123.73,126.86,-3.13
2008-07-24,124.62,125.43,-0.81
2008-07-25,122.59,124.7,-2.11
2008-07-28,124.72,125.67,-0.95
2008-07-29,122.21,125.77,-3.56
2008-07-30,126.74,122.46,4.28
2008-07-31,124.17,124.1,0.07
2008-08-01,125.03,124.16,0.87
2008-08-04,121.45,121.87,-0.42
2008-08-05,118.71,116.5,2.21
2008-08-06,118.57,114.47,4.1
2008-08-07,119.84,116.94,2.9
2008-08-08,115.42,113.03,2.39
2008-08-11,114.44,110.54,3.9
2008-08-12,113.1,108.98,4.12
2008-08-13,115.96,110.68,5.28
2008-08-14,115.05,111.82,3.23
2008-08-15,113.46,108.8,4.66
2008-08-18,112.92,109.33,3.59
2008-08-19,114.39,109.02,5.37
2008-08-20,115.48,108.72,6.76
2008-08-21,121.23,117.24,3.99
2008-08-22,114.48,113.99,0.49
2008-08-25,114.85,109.74,5.11
2008-08-26,116.31,112.2,4.11
2008-08-27,118.17,113.05,5.12
2008-08-28,115.58,113.54,2.04
2008-08-29,115.55,113.49,2.06
2008-09-02,109.63,104.94,4.69
2008-09-03,109.38,103.88,5.5
2008-09-04,107.99,103.41,4.58
2008-09-05,106.47,102.51,3.96
2008-09-08,106.35,101.08,5.27
2008-09-09,103.23,98.94,4.29
2008-09-10,102.66,96.0,6.66
2008-09-11,100.95,96.01,4.94
2008-09-12,101.19,94.37,6.82
2008-09-15,95.52,90.45,5.07
2008-09-16,91.49,85.85,5.64
2008-09-17,97.39,86.09,11.3
2008-09-18,97.5,90.89,6.61
2008-09-19,104.05,93.46,10.59
2008-09-22,122.61,100.43,22.18
2008-09-23,107.85,100.72,7.13
2008-09-24,106.84,102.09,4.75
2008-09-25,111.54,100.45,11.09
2008-09-26,106.77,100.88,5.89
2008-09-29,96.29,95.96,0.33
2008-09-30,100.7,93.52,7.18
2008-10-01,98.23,92.19,6.04
2008-10-02,93.84,88.88,4.96
2008-10-03,93.91,88.95,4.96
2008-10-06,88.15,84.71,3.44
2008-10-07,90.18,83.17,7.01
2008-10-08,88.94,80.77,8.17
2008-10-09,86.5,81.65,4.85
2008-10-10,77.44,74.58,2.86
2008-10-13,81.17,74.37,6.8
2008-10-14,78.69,74.98,3.71
2008-10-15,74.38,66.86,7.52
2008-10-16,69.81,64.14,5.67
2008-10-17,71.9,66.05,5.85
2008-10-20,74.08,67.45,6.63
2008-10-21,71.29,65.99,5.3
2008-10-22,66.92,62.95,3.97
2008-10-23,67.17,65.06,2.11
2008-10-24,63.34,60.57,2.77
2008-10-27,61.92,59.34,2.58
2008-10-28,62.8,58.87,3.93
2008-10-29,67.45,64.0,3.45
2008-10-30,65.79,60.86,4.93
2008-10-31,68.1,60.0,8.1
2008-11-03,63.93,60.32,3.61
2008-11-04,70.41,62.78,7.63
2008-11-05,65.41,61.09,4.32
2008-11-06,60.72,56.14,4.58
2008-11-07,61.06,56.84,4.22
2008-11-10,62.19,57.08,5.11
2008-11-11,59.38,54.76,4.62
2008-11-12,55.95,52.47,3.48
2008-11-13,58.31,51.32,6.99
2008-11-14,57.18,50.7,6.48
2008-11-17,55.14,50.82,4.32
2008-11-18,54.42,49.1,5.32
2008-11-19,53.64,48.35,5.29
2008-11-20,48.86,45.79,3.07
2008-11-21,49.22,44.91,4.31
2008-11-24,53.63,49.51,4.12
2008-11-25,50.02,47.51,2.51
2008-11-26,54.2,49.39,4.81
2008-11-28,55.21,47.72,7.49
2008-12-01,49.34,47.58,1.76
2008-12-02,47.05,45.64,1.41
2008-12-03,46.79,44.39,2.4
2008-12-04,43.8,43.83,-0.03
2008-12-05,41.01,37.04,3.97
2008-12-08,43.69,40.02,3.67
2008-12-09,42.0,39.77,2.23
2008-12-10,43.1,39.34,3.76
2008-12-11,47.77,43.54,4.23
2008-12-12,46.27,42.38,3.89
2008-12-15,44.61,45.02,-0.41
2008-12-16,43.84,42.0,1.84
2008-12-17,40.17,41.84,-1.67
2008-12-18,36.73,40.19,-3.46
2008-12-19,33.17,39.52,-6.35
2008-12-22,31.1,38.08,-6.98
2008-12-23,30.28,35.27,-4.99
2008-12-24,32.94,34.45,-1.51
2008-12-26,37.58,33.73,3.85
2008-12-29,39.89,34.16,5.73
2008-12-30,38.95,35.22,3.73
2008-12-31,44.6,35.82,8.78
2009-01-02,46.17,42.94,3.23
2009-01-05,48.61,45.84,2.77
2009-01-06,48.56,48.89,-0.33
2009-01-07,42.75,46.23,-3.48
2009-01-08,41.68,42.94,-1.26
2009-01-09,40.69,42.34,-1.65
2009-01-12,37.65,40.86,-3.21
2009-01-13,37.77,43.05,-5.28
2009-01-14,37.43,42.27,-4.84
2009-01-15,35.41,42.32,-6.91
2009-01-16,35.38,43.42,-8.04
2009-01-20,38.57,41.22,-2.65
2009-01-21,42.56,39.9,2.66
2009-01-22,42.33,42.42,-0.09
2009-01-23,45.12,43.13,1.99
2009-01-26,46.5,48.0,-1.5
2009-01-27,41.67,42.86,-1.19
2009-01-28,42.04,42.86,-0.82
2009-01-29,41.58,43.13,-1.55
2009-01-30,41.73,44.17,-2.44
2009-02-02,41.35,42.96,-1.61
2009-02-03,40.87,43.15,-2.28
2009-02-04,40.27,43.68,-3.41
2009-02-05,41.15,43.92,-2.77
2009-02-06,40.24,44.49,-4.25
2009-02-09,39.58,47.23,-7.65
2009-02-10,37.54,45.88,-8.34
2009-02-11,35.93,44.24,-8.31
2009-02-12,34.03,47.23,-13.2
2009-02-13,37.63,43.36,-5.73
2009-02-17,34.96,39.69,-4.73
2009-02-18,34.67,39.41,-4.74
2009-02-19,39.6,42.36,-2.76
2009-02-20,39.35,42.19,-2.84
2009-02-23,37.66,41.27,-3.61
2009-02-24,38.86,40.18,-1.32
2009-02-25,41.64,42.37,-0.73
2009-02-26,43.18,45.15,-1.97
2009-02-27,44.15,44.41,-0.26
2009-03-02,40.07,42.6,-2.53
2009-03-03,41.57,42.72,-1.15
2009-03-04,45.28,46.07,-0.79
2009-03-05,43.54,44.45,-0.91
2009-03-06,45.43,43.48,1.95
2009-03-09,47.01,44.55,2.46
2009-03-10,45.68,44.99,0.69
2009-03-11,42.46,43.2,-0.74
2009-03-12,46.91,42.19,4.72
2009-03-13,46.22,44.97,1.25
2009-03-16,47.33,44.12,3.21
2009-03-17,48.97,45.53,3.44
2009-03-18,48.12,45.22,2.9
2009-03-19,51.46,48.03,3.43
2009-03-20,51.55,49.27,2.28
2009-03-23,53.05,51.84,1.21
2009-03-24,53.36,51.32,2.04
2009-03-25,52.24,51.46,0.78
2009-03-26,53.87,51.89,1.98
2009-03-27,52.41,50.81,1.6
2009-03-30,48.49,49.05,-0.56
2009-03-31,49.64,46.13,3.51
2009-04-01,48.46,45.92,2.54
2009-04-02,52.61,50.89,1.72
2009-04-03,52.52,50.48,2.04
2009-04-06,51.1,50.91,0.19
2009-04-07,49.13,50.62,-1.49
2009-04-08,49.37,52.06,-2.69
2009-04-09,52.24,52.33,-0.09
2009-04-13,50.22,50.73,-0.51
2009-04-14,49.51,52.06,-2.55
2009-04-15,49.26,51.31,-2.05
2009-04-16,49.97,51.83,-1.86
2009-04-17,50.36,52.02,-1.66
2009-04-20,45.82,49.06,-3.24
2009-04-21,46.65,48.69,-2.04
2009-04-22,47.41,48.5,-1.09
2009-04-23,48.46,48.29,0.17
2009-04-24,50.65,50.29,0.36
2009-04-27,49.29,48.67,0.62
2009-04-28,49.01,48.64,0.37
2009-04-29,50.19,50.22,-0.03
2009-04-30,50.35,50.3,0.05
2009-05-01,52.18,51.75,0.43
2009-05-04,54.45,53.26,1.19
2009-05-05,53.81,53.16,0.65
2009-05-06,56.29,55.07,1.22
2009-05-07,56.67,56.63,0.04
2009-05-08,58.58,56.02,2.56
2009-05-11,57.79,55.99,1.8
2009-05-12,58.81,56.52,2.29
2009-05-13,58.0,56.84,1.16
2009-05-14,58.58,56.25,2.33
2009-05-15,56.52,56.33,0.19
2009-05-18,58.99,56.51,2.48
2009-05-19,59.52,57.12,2.4
2009-05-20,61.45,59.1,2.35
2009-05-21,60.49,58.02,2.47
2009-05-22,61.15,58.7,2.45
2009-05-26,62.48,59.05,3.43
2009-05-27,63.41,61.28,2.13
2009-05-28,65.09,63.47,1.62
2009-05-29,66.31,64.98,1.33
2009-06-01,68.59,66.6,1.99
2009-06-02,68.58,67.67,0.91
2009-06-03,66.14,66.15,-0.01
2009-06-04,68.8,67.68,1.12
2009-06-05,68.43,67.77,0.66
2009-06-08,68.05,67.61,0.44
2009-06-09,70.02,68.94,1.08
2009-06-10,71.38,70.52,0.86
2009-06-11,72.69,71.71,0.98
2009-06-12,72.13,70.62,1.51
2009-06-15,70.54,68.49,2.05
2009-06-16,70.47,70.52,-0.05
2009-06-17,71.07,68.95,2.12
2009-06-18,71.42,69.96,1.46
2009-06-19,69.6,70.48,-0.88
2009-06-22,67.09,66.13,0.96
2009-06-23,68.81,66.36,2.45
2009-06-24,68.14,68.47,-0.33
2009-06-25,69.7,68.82,0.88
2009-06-26,69.16,68.1,1.06
2009-06-29,71.47,69.75,1.72
2009-06-30,69.82,68.11,1.71
2009-07-01,69.32,68.52,0.8
2009-07-02,66.68,65.74,0.94
2009-07-06,64.06,63.12,0.94
2009-07-07,62.88,61.54,1.34
2009-07-08,60.15,59.71,0.44
2009-07-09,60.36,59.17,1.19
2009-07-10,59.93,58.43,1.5
2009-07-13,59.69,58.25,1.44
2009-07-14,59.62,60.48,-0.86
2009-07-15,61.49,61.25,0.24
2009-07-16,62.07,62.02,0.05
2009-07-17,63.56,63.54,0.02
2009-07-20,63.93,64.64,-0.71
2009-07-21,64.81,65.93,-1.12
2009-07-22,64.58,65.36,-0.78
2009-07-23,66.1,68.06,-1.96
2009-07-24,66.96,68.82,-1.86
2009-07-27,68.34,69.78,-1.44
2009-07-28,67.24,68.53,-1.29
2009-07-29,63.42,65.79,-2.37
2009-07-30,66.9,68.82,-1.92
2009-07-31,69.26,70.08,-0.82
2009-08-03,71.59,72.9,-1.31
2009-08-04,71.4,73.82,-2.42
2009-08-05,71.97,74.39,-2.42
2009-08-06,71.96,74.61,-2.65
2009-08-07,70.97,74.21,-3.24
2009-08-10,70.59,73.79,-3.2
2009-08-11,69.46,71.58,-2.12
2009-08-12,70.08,74.03,-3.95
2009-08-13,70.57,73.76,-3.19
2009-08-14,67.51,71.33,-3.82
2009-08-17,66.72,68.65,-1.93
2009-08-18,69.22,68.66,0.56
2009-08-19,72.54,72.81,-0.27
2009-08-20,72.4,73.75,-1.35
2009-08-21,73.12,73.71,-0.59
2009-08-24,73.68,74.34,-0.66
2009-08-25,71.6,73.1,-1.5
2009-08-26,71.38,70.74,0.64
2009-08-27,72.49,70.68,1.81
2009-08-28,72.72,72.8,-0.08
2009-08-31,69.97,69.02,0.95
2009-09-01,68.11,68.78,-0.67
2009-09-02,68.03,67.6,0.43
2009-09-03,67.9,66.78,1.12
2009-09-04,67.95,65.84,2.11
2009-09-08,71.08,69.2,1.88
2009-09-09,71.27,69.76,1.51
2009-09-10,71.95,68.96,2.99
2009-09-11,69.34,68.76,0.58
2009-09-14,68.86,66.91,1.95
2009-09-15,70.81,66.53,4.28
2009-09-16,72.5,68.51,3.99
2009-09-17,72.48,71.56,0.92
2009-09-18,71.95,70.72,1.23
2009-09-21,69.74,68.11,1.63
2009-09-22,71.5,69.65,1.85
2009-09-23,68.74,67.43,1.31
2009-09-24,65.74,64.99,0.75
2009-09-25,65.91,64.6,1.31
2009-09-28,66.69,65.43,1.26
2009-09-29,66.56,64.63,1.93
2009-09-30,70.46,65.82,4.64
2009-10-01,70.67,67.12,3.55
2009-10-02,69.8,66.5,3.3
2009-10-05,70.26,65.26,5.0
2009-10-06,70.71,68.51,2.2
2009-10-07,69.6,67.65,1.95
2009-10-08,71.69,68.47,3.22
2009-10-09,71.75,69.45,2.3
2009-10-12,73.24,70.75,2.49
2009-10-13,74.1,70.81,3.29
2009-10-14,75.2,72.16,3.04
2009-10-15,77.55,73.14,4.41
2009-10-16,78.54,74.58,3.96
2009-10-19,79.47,75.86,3.61
2009-10-20,78.87,76.51,2.36
2009-10-21,81.03,77.74,3.29
2009-10-22,80.82,78.36,2.46
2009-10-23,80.11,77.72,2.39
2009-10-26,78.61,76.45,2.16
2009-10-27,79.45,76.69,2.76
2009-10-28,77.39,75.11,2.28
2009-10-29,79.84,77.18,2.66
2009-10-30,77.04,74.91,2.13
2009-11-02,78.08,75.56,2.52
2009-11-03,79.58,75.68,3.9
2009-11-04,80.3,78.21,2.09
2009-11-05,79.64,78.02,1.62
2009-11-06,77.4,75.51,1.89
2009-11-09,79.44,77.18,2.26
2009-11-10,79.01,77.07,1.94
2009-11-11,79.16,76.99,2.17
2009-11-12,77.25,75.18,2.07
2009-11-13,76.34,74.81,1.53
2009-11-16,78.91,77.14,1.77
2009-11-17,79.08,77.36,1.72
2009-11-18,79.55,78.64,0.91
2009-11-19,77.47,76.45,1.02
2009-11-20,76.83,75.61,1.22
2009-11-23,76.49,78.14,-1.65
2009-11-24,74.88,75.35,-0.47
2009-11-25,77.25,76.57,0.68
2009-11-27,75.95,76.0,-0.05
2009-11-30,77.19,77.77,-0.58
2009-12-01,78.39,78.68,-0.29
2009-12-02,76.62,76.96,-0.34
2009-12-03,76.42,77.76,-1.34
2009-12-04,75.41,77.74,-2.33
2009-12-07,73.89,76.18,-2.29
2009-12-08,72.59,74.93,-2.34
2009-12-09,70.67,73.63,-2.96
2009-12-10,70.54,70.91,-0.37
2009-12-11,69.86,70.07,-0.21
2009-12-14,69.48,71.19,-1.71
2009-12-15,70.62,71.33,-0.71
2009-12-16,72.64,73.34,-0.7
2009-12-17,72.58,71.28,1.3
2009-12-18,73.3,71.87,1.43
2009-12-21,72.71,72.74,-0.03
2009-12-22,73.48,71.64,1.84
2009-12-23,76.03,73.87,2.16
2009-12-24,76.83,75.15,1.68
2009-12-28,78.67,76.59,2.08
2009-12-29,78.87,76.65,2.22
2009-12-30,79.35,77.62,1.73
2009-12-31,79.39,77.91,1.48
2010-01-04,81.52,79.05,2.47
2010-01-05,81.74,79.27,2.47
2010-01-06,83.12,80.14,2.98
2010-01-07,82.6,80.57,2.03
2010-01-08,82.74,80.06,2.68
2010-01-11,82.54,80.14,2.4
2010-01-12,80.79,79.38,1.41
2010-01-13,79.66,77.57,2.09
2010-01-14,79.35,77.61,1.74
2010-01-15,77.96,76.85,1.11
2010-01-19,78.98,75.18,3.8
2010-01-20,77.42,75.09,2.33
2010-01-21,75.84,74.13,1.71
2010-01-22,74.25,72.73,1.52
2010-01-25,74.9,72.18,2.72
2010-01-26,74.67,72.63,2.04
2010-01-27,73.64,72.75,0.89
2010-01-28,73.62,70.65,2.97
2010-01-29,72.85,71.2,1.65
2010-02-01,74.41,71.58,2.83
2010-02-02,77.21,73.94,3.27
2010-02-03,76.96,75.77,1.19
2010-02-04,73.13,71.3,1.83
2010-02-05,71.15,70.11,1.04
2010-02-08,71.87,69.62,2.25
2010-02-09,73.71,70.4,3.31
2010-02-10,74.48,70.4,4.08
2010-02-11,75.23,72.35,2.88
2010-02-12,74.11,71.49,2.62
2010-02-16,76.98,74.82,2.16
2010-02-17,77.27,74.89,2.38
2010-02-18,78.97,76.61,2.36
2010-02-19,79.77,76.88,2.89
2010-02-22,80.04,76.95,3.09
2010-02-23,78.61,76.44,2.17
2010-02-24,79.75,77.0,2.75
2010-02-25,77.99,74.38,3.61
2010-02-26,79.72,76.36,3.36
2010-03-01,78.71,76.07,2.64
2010-03-02,79.62,77.5,2.12
2010-03-03,80.91,78.66,2.25
2010-03-04,80.21,77.88,2.33
2010-03-05,81.5,79.2,2.3
2010-03-08,81.85,78.94,2.91
2010-03-09,81.5,78.77,2.73
2010-03-10,82.07,80.29,1.78
2010-03-11,82.1,79.44,2.66
2010-03-12,81.26,79.38,1.88
2010-03-15,79.79,77.08,2.71
2010-03-16,81.75,79.45,2.3
2010-03-17,82.93,80.28,2.65
2010-03-18,82.16,80.09,2.07
2010-03-19,80.58,78.37,2.21
2010-03-22,81.26,78.09,3.17
2010-03-23,81.68,79.17,2.51
2010-03-24,80.29,78.03,2.26
2010-03-25,80.25,78.64,1.61
2010-03-26,79.75,77.98,1.77
2010-03-29,81.92,79.89,2.03
2010-03-30,82.14,79.46,2.68
2010-03-31,83.45,80.37,3.08
2010-04-01,84.53,82.63,1.9
2010-04-05,86.36,84.48,1.88
2010-04-06,86.54,85.05,1.49
2010-04-07,85.64,84.49,1.15
2010-04-08,85.17,82.63,2.54
2010-04-09,84.6,82.77,1.83
2010-04-12,84.07,85.21,-1.14
2010-04-13,83.8,83.44,0.36
2010-04-14,85.62,85.81,-0.19
2010-04-15,85.25,86.9,-1.65
2010-04-16,82.97,84.81,-1.84
2010-04-19,81.52,83.09,-1.57
2010-04-20,82.98,84.73,-1.75
2010-04-21,82.78,84.55,-1.77
2010-04-22,82.89,84.58,-1.69
2010-04-23,84.34,86.09,-1.75
2010-04-26,84.2,86.72,-2.52
2010-04-27,82.43,85.59,-3.16
2010-04-28,83.22,84.59,-1.37
2010-04-29,85.17,86.82,-1.65
2010-04-30,86.07,86.19,-0.12
2010-05-03,86.19,88.09,-1.9
2010-05-04,82.73,85.39,-2.66
2010-05-05,80.0,82.31,-2.31
2010-05-06,77.18,80.21,-3.03
2010-05-07,75.1,76.48,-1.38
2010-05-10,76.89,78.08,-1.19
2010-05-11,76.37,79.0,-2.63
2010-05-12,75.65,78.7,-3.05
2010-05-13,74.38,79.41,-5.03
2010-05-14,71.61,76.43,-4.82
2010-05-17,70.08,73.87,-3.79
2010-05-18,69.38,75.12,-5.74
2010-05-19,69.91,71.86,-1.95
2010-05-20,68.28,69.56,-1.28
2010-05-21,68.03,70.45,-2.42
2010-05-24,68.23,69.62,-1.39
2010-05-25,64.78,67.18,-2.4
2010-05-26,71.52,70.59,0.93
2010-05-27,74.56,73.56,1.0
2010-05-28,74.0,73.0,1.0
2010-06-01,72.7,73.08,-0.38
2010-06-02,72.88,72.78,0.1
2010-06-03,74.62,73.12,1.5
2010-06-04,71.43,71.84,-0.41
2010-06-07,71.55,71.09,0.46
2010-06-08,71.88,71.43,0.45
2010-06-09,74.38,73.68,0.7
2010-06-10,75.48,74.33,1.15
2010-06-11,73.89,73.28,0.61
2010-06-14,74.99,75.11,-0.12
2010-06-15,76.84,75.29,1.55
2010-06-16,77.67,76.12,1.55
2010-06-17,76.82,77.52,-0.7
2010-06-18,77.18,77.05,0.13
2010-06-21,77.84,78.53,-0.69
2010-06-22,77.15,78.08,-0.93
2010-06-23,75.9,75.22,0.68
2010-06-24,75.96,75.17,0.79
2010-06-25,78.45,76.21,2.24
2010-06-28,78.26,76.66,1.6
2010-06-29,75.93,74.21,1.72
2010-06-30,75.59,74.94,0.65
2010-07-01,72.95,71.73,1.22
2010-07-02,72.06,71.75,0.31
2010-07-06,71.96,73.08,-1.12
2010-07-07,74.05,72.97,1.08
2010-07-08,75.46,74.56,0.9
2010-07-09,76.08,75.2,0.88
2010-07-12,74.93,74.35,0.58
2010-07-13,77.16,76.45,0.71
2010-07-14,77.02,76.63,0.39
2010-07-15,76.67,75.52,1.15
2010-07-16,75.96,75.55,0.41
2010-07-19,76.53,76.29,0.24
2010-07-20,77.32,76.31,1.01
2010-07-21,76.27,75.75,0.52
2010-07-22,79.01,77.59,1.42
2010-07-23,78.68,77.27,1.41
2010-07-26,78.93,77.9,1.03
2010-07-27,77.46,75.52,1.94
2010-07-28,77.06,76.66,0.4
2010-07-29,78.3,78.6,-0.3
2010-07-30,78.85,77.5,1.35
2010-08-02,81.25,81.93,-0.68
2010-08-03,82.52,83.6,-1.08
2010-08-04,82.49,83.76,-1.27
2010-08-05,82.0,82.9,-0.9
2010-08-06,80.67,81.28,-0.61
2010-08-09,81.46,81.54,-0.08
2010-08-10,80.24,79.89,0.35
2010-08-11,78.09,77.83,0.26
2010-08-12,75.68,76.63,-0.95
2010-08-13,75.39,75.14,0.25
2010-08-16,75.17,74.56,0.61
2010-08-17,75.76,76.74,-0.98
2010-08-18,75.39,75.1,0.29
2010-08-19,74.45,74.84,-0.39
2010-08-20,73.45,73.48,-0.03
2010-08-23,72.71,73.08,-0.37
2010-08-24,71.24,70.61,0.63
2010-08-25,72.07,70.74,1.33
2010-08-26,73.36,74.5,-1.14
2010-08-27,75.17,75.16,0.01
2010-08-30,74.69,76.05,-1.36
2010-08-31,71.93,75.51,-3.58
2010-09-01,73.97,75.53,-1.56
2010-09-02,74.99,74.93,0.06
2010-09-03,74.52,75.03,-0.51
2010-09-07,73.98,75.78,-1.8
2010-09-08,74.65,77.48,-2.83
2010-09-09,74.25,77.87,-3.62
2010-09-10,76.4,77.54,-1.14
2010-09-13,77.17,78.52,-1.35
2010-09-14,76.78,78.89,-2.11
2010-09-15,75.92,78.46,-2.54
2010-09-16,74.58,78.89,-4.31
2010-09-17,73.63,77.43,-3.8
2010-09-20,74.81,79.42,-4.61
2010-09-21,72.96,78.76,-5.8
2010-09-22,72.98,77.29,-4.31
2010-09-23,73.4,77.69,-4.29
2010-09-24,74.63,78.73,-4.1
2010-09-27,76.51,77.71,-1.2
2010-09-28,76.15,79.14,-2.99
2010-09-29,77.85,78.79,-0.94
2010-09-30,79.95,80.77,-0.82
2010-10-01,81.57,82.69,-1.12
2010-10-04,81.43,83.42,-1.99
2010-10-05,82.83,83.35,-0.52
2010-10-06,83.21,85.01,-1.8
2010-10-07,81.34,83.67,-2.33
2010-10-08,82.66,83.88,-1.22
2010-10-11,82.18,83.08,-0.9
2010-10-12,81.67,82.99,-1.32
2010-10-13,83.03,84.01,-0.98
2010-10-14,82.71,83.55,-0.84
2010-10-15,81.23,81.94,-0.71
2010-10-18,83.06,82.3,0.76
2010-10-19,79.57,81.12,-1.55
2010-10-20,81.93,81.68,0.25
2010-10-21,80.03,81.28,-1.25
2010-10-22,81.15,80.75,0.4
2010-10-25,82.0,81.91,0.09
2010-10-26,82.6,82.62,-0.02
2010-10-27,81.9,81.27,0.63
2010-10-28,82.2,82.97,-0.77
2010-10-29,81.45,82.47,-1.02
2010-11-01,82.94,84.06,-1.12
2010-11-02,83.91,84.71,-0.8
2010-11-03,84.45,85.33,-0.88
2010-11-04,86.49,86.83,-0.34
2010-11-05,86.85,87.05,-0.2
2010-11-08,87.07,87.15,-0.08
2010-11-09,87.04,87.93,-0.89
2010-11-10,87.77,87.92,-0.15
2010-11-11,87.77,88.08,-0.31
2010-11-12,84.89,86.07,-1.18
2010-11-15,84.88,85.49,-0.61
2010-11-16,82.33,83.98,-1.65
2010-11-17,80.43,83.36,-2.93
2010-11-18,81.88,83.7,-1.82
2010-11-19,81.65,83.17,-1.52
2010-11-22,81.24,82.34,-1.1
2010-11-23,80.79,82.37,-1.58
2010-11-24,83.21,84.53,-1.32
2010-11-26,83.87,84.78,-0.91
2010-11-29,85.73,85.9,-0.17
2010-11-30,84.12,86.02,-1.9
2010-12-01,86.75,88.56,-1.81
2010-12-02,87.98,89.37,-1.39
2010-12-03,89.18,90.65,-1.47
2010-12-06,89.33,91.25,-1.92
2010-12-07,88.69,90.78,-2.09
2010-12-08,88.3,89.74,-1.44
2010-12-09,88.35,89.93,-1.58
2010-12-10,87.81,89.54,-1.73
2010-12-13,88.62,90.4,-1.78
2010-12-14,88.33,90.63,-2.3
2010-12-15,88.66,91.33,-2.67
2010-12-16,87.71,91.09,-3.38
2010-12-17,88.02,91.11,-3.09
2010-12-20,88.68,91.31,-2.63
2010-12-21,89.3,93.11,-3.81
2010-12-22,89.83,93.55,-3.72
2010-12-23,90.84,93.63,-2.79
2010-12-27,90.99,93.08,-2.09
2010-12-28,91.48,93.52,-2.04
2010-12-29,91.13,93.52,-2.39
2010-12-30,89.85,92.5,-2.65
2010-12-31,91.38,93.23,-1.85
2011-01-03,91.59,95.82,-4.23
2011-01-04,89.39,93.52,-4.13
2011-01-05,90.3,95.07,-4.77
2011-01-06,88.37,94.95,-6.58
2011-01-07,88.07,94.25,-6.18
2011-01-10,89.24,95.05,-5.81
2011-01-11,91.11,96.8,-5.69
2011-01-12,91.85,97.86,-6.01
2011-01-13,91.39,97.86,-6.47
2011-01-14,91.53,97.86,-6.33
2011-01-18,91.38,97.83,-6.45
2011-01-19,90.85,98.42,-7.57
2011-01-20,88.56,96.27,-7.71
2011-01-21,88.22,96.84,-8.62
2011-01-24,86.74,96.76,-10.02
2011-01-25,85.08,96.76,-11.68
2011-01-26,86.15,96.04,-9.89
2011-01-27,84.45,96.48,-12.03
2011-01-28,88.15,97.06,-8.91
2011-01-31,90.99,98.97,-7.98
2011-02-01,89.54,100.4,-10.86
2011-02-02,89.78,101.3,-11.52
2011-02-03,89.42,101.69,-12.27
2011-02-04,87.87,99.43,-11.56
2011-02-07,86.3,99.44,-13.14
2011-02-08,85.85,99.25,-13.4
2011-02-08,85.85,99.25,-13.4
2011-02-09,85.59,100.16,-14.57
2011-02-10,85.44,100.74,-15.3
2011-02-11,84.39,99.93,-15.54
2011-02-14,83.66,103.12,-19.46
2011-02-15,83.13,102.48,-19.35
2011-02-16,83.8,102.78,-18.98
2011-02-17,85.05,103.45,-18.4
2011-02-18,85.03,102.2,-17.17
2011-02-22,92.65,106.82,-14.17
2011-02-23,96.04,109.77,-13.73
