refYear,reporterCode,reporterISO,reporterDesc,classificationCode,cmdCode,cmdDesc,qtyUnitCode,qtyUnitAbbr,qty,altQtyUnitCode,altQtyUnitAbbr,altQty,netWgt,grossWgt,cifvalue,fobvalue,primaryValue,legacyEstimationFlag
2024,24,AGO,Angola,H6,2709,Crude petroleum oil,8,kg,391760460.0,8,kg,391760460.0,391760460.0,0.0,21881.578,31257304278.03,31257304278.03,0
2024,31,AZE,Azerbaijan,H6,2709,Crude petroleum oil,8,kg,23596170696.0,8,kg,23596170696.0,23596170696.0,0.0,21881.578,14437355994.08,14437355994.08,0
2024,32,ARG,Argentina,H6,2709,Crude petroleum oil,8,kg,8686507120.0,8,kg,8686507120.0,8686507120.0,0.0,21881.578,4931109474.66,4931109474.66,0
2024,36,AUS,Australia,H6,2709,Crude petroleum oil,8,kg,13791172716.0,7,l,13791172716.0,105219000.0,11062078.974,21881.578,7064711970.251,7064711970.251,0
2024,52,BRB,Barbados,H6,2709,Crude petroleum oil,8,kg,24238000.0,8,kg,24238000.0,24238000.0,0.0,21881.578,13633480.0,13633480.0,0
2024,56,BEL,Belgium,H6,2709,Crude petroleum oil,-1,,0.0,-1,kg,0.0,105219000.0,0.0,21881.578,51327789.243,51327789.243,0
2024,68,BOL,Bolivia (Plurinational State of),H6,2709,Crude petroleum oil,8,kg,3036654.0,8,kg,3036654.0,3036654.0,3036654.0,21881.578,1419208.15,1419208.15,0
2024,70,BIH,Bosnia Herzegovina,H6,2709,Crude petroleum oil,8,kg,7881026.8,8,kg,7881026.8,7881026.8,0.0,21881.578,4664390.305,4664390.305,0
2024,76,BRA,Brazil,H6,2709,Crude petroleum oil,8,kg,89660869085.67,-1,kg,0.0,89660869085.67,0.0,21881.578,44842761197.0,44842761197.0,6
2024,96,BRN,Brunei Darussalam,H6,2709,Crude petroleum oil,8,kg,3341658000.0,8,kg,3341658000.0,3341658000.0,0.0,21881.578,2100528154.694,2100528154.694,0
2024,124,CAN,Canada,H6,2709,Crude petroleum oil,8,kg,187181071024.326,-1,kg,0.0,187181071024.326,0.0,21881.578,103880264107.119,103880264107.119,6
2024,144,LKA,Sri Lanka,H6,2709,Crude petroleum oil,8,kg,120.0,8,kg,120.0,120.0,0.0,21881.578,3431.74,3431.74,0
2024,152,CHL,Chile,H6,2709,Crude petroleum oil,8,kg,24610200.0,8,kg,24610200.0,24610200.0,0.0,21881.578,10113086.01,10113086.01,0
2024,156,CHN,China,H6,2709,Crude petroleum oil,8,kg,2089129800.0,19,BBL,15230715.0,2089129800.0,0.0,21881.578,1178947474.0,1178947474.0,0
2024,170,COL,Colombia,H6,2709,Crude petroleum oil,8,kg,25433273400.0,12,m³,27509485.8,25433273400.0,0.0,21881.578,12062242730.01,12062242730.01,0
2024,191,HRV,Croatia,H6,2709,Crude petroleum oil,8,kg,1267246500.1,8,kg,1267246500.1,1267246500.1,0.0,21881.578,773594230.0,773594230.0,0
2024,203,CZE,Czechia,H6,2709,Crude petroleum oil,-1,,0.0,-1,kg,0.0,105219000.0,0.0,21881.578,12120.0,12120.0,0
2024,208,DNK,Denmark,H6,2709,Crude petroleum oil,-1,,0.0,-1,kg,0.0,105219000.0,0.0,21881.578,396230751.77,396230751.77,0
2024,214,DOM,Dominican Rep.,H6,2709,Crude petroleum oil,8,kg,54.0,5,u,250.0,54.0,0.0,21881.578,3365.0,3365.0,0
2024,218,ECU,Ecuador,H6,2709,Crude petroleum oil,8,kg,17091526369.0,-1,kg,0.0,17091526369.0,0.0,21881.578,7834790006.4,7834790006.4,0
2024,233,EST,Estonia,H6,2709,Crude petroleum oil,8,kg,6.0,8,kg,6.0,6.0,0.0,21881.578,65.23,65.23,0
2024,242,FJI,Fiji,H6,2709,Crude petroleum oil,8,kg,42900.0,8,kg,42900.0,42900.0,0.0,21881.578,69694.484,69694.484,0
2024,246,FIN,Finland,H6,2709,Crude petroleum oil,8,kg,248.0,8,kg,248.0,248.0,0.0,21881.578,288.166,288.166,0
2024,251,FRA,France,H6,2709,Crude petroleum oil,8,kg,24440664.903,-1,kg,0.0,24440664.903,0.0,21881.578,16103887.031,16103887.031,6
2024,270,GMB,Gambia,H6,2709,Crude petroleum oil,8,kg,2813.0,8,kg,2813.0,2813.0,0.0,21881.578,1094.043,1094.043,0
2024,276,DEU,Germany,H6,2709,Crude petroleum oil,-1,,0.0,-1,kg,0.0,105219000.0,0.0,21881.578,1134014.516,1134014.516,0
2024,300,GRC,Greece,H6,2709,Crude petroleum oil,8,kg,81595300.0,8,kg,81595300.0,81595300.0,0.0,21881.578,42743484.702,42743484.702,0
2024,320,GTM,Guatemala,H6,2709,Crude petroleum oil,8,kg,175536878.0,8,kg,175536878.0,175536878.0,0.0,21881.578,79249884.0,79249884.0,0
2024,328,GUY,Guyana,H5,2709,Crude petroleum oil,8,kg,16620929331.0,8,kg,16620929331.0,16620929331.0,0.0,21881.578,18174887650.995,18174887650.995,0
2024,348,HUN,Hungary,H6,2709,Crude petroleum oil,8,kg,103179818.0,8,kg,103179818.0,103179818.0,0.0,21881.578,63143741.0,63143741.0,0
2024,360,IDN,Indonesia,H6,2709,Crude petroleum oil,8,kg,3620106197.8,8,kg,3620106197.8,3620106197.8,0.0,21881.578,2228458183.3,2228458183.3,0
2024,372,IRL,Ireland,H6,2709,Crude petroleum oil,8,kg,39253.0,8,kg,39253.0,39253.0,0.0,21881.578,74126.826,74126.826,0
2024,380,ITA,Italy,H6,2709,Crude petroleum oil,8,kg,1374841513.0,8,kg,1374841513.0,1374841513.0,0.0,21881.578,632754942.115,632754942.115,0
2024,384,CIV,Côte d'Ivoire,H6,2709,Crude petroleum oil,8,kg,1395406917.0,8,kg,1395406917.0,1395406917.0,0.0,21881.578,799801181.46,799801181.46,0
2024,398,KAZ,Kazakhstan,H6,2709,Crude petroleum oil,8,kg,71022759850.0,8,kg,71022759850.0,71022759850.0,0.0,21881.578,42878761294.66,42878761294.66,0
2024,404,KEN,Kenya,H6,2709,Crude petroleum oil,8,kg,2916.0,8,kg,2916.0,2916.0,0.0,21881.578,4745.664,4745.664,0
2024,410,KOR,Rep. of Korea,H6,2709,Crude petroleum oil,8,kg,6.8,8,kg,6.8,6.8,0.0,21881.578,50.0,50.0,0
2024,414,KWT,Kuwait,H6,2709,Crude petroleum oil,-1,,0.0,-1,kg,0.0,105219000.0,0.0,21881.578,35530010116.0,35530010116.0,0
2024,428,LVA,Latvia,H6,2709,Crude petroleum oil,8,kg,2590945.0,8,kg,2590945.0,2590945.0,0.0,21881.578,687543.272,687543.272,0
2024,458,MYS,Malaysia,H6,2709,Crude petroleum oil,8,kg,9491339957.0,8,kg,9491339957.0,9491339957.0,0.0,21881.578,6238601096.712,6238601096.712,0
2024,484,MEX,Mexico,H6,2709,Crude petroleum oil,8,kg,39114513944.514,-1,kg,0.0,39114513944.514,0.0,21881.578,21707462281.0,21707462281.0,6
2024,498,MDA,Rep. of Moldova,H6,2709,Crude petroleum oil,8,kg,1583990.0,8,kg,1583990.0,1583990.0,0.0,21881.578,628303.0,628303.0,0
2024,508,MOZ,Mozambique,H6,2709,Crude petroleum oil,8,kg,1262390.0,8,kg,1262390.0,1262390.0,0.0,21881.578,95515041.0,95515041.0,0
2024,516,NAM,Namibia,H6,2709,Crude petroleum oil,-1,,0.0,-1,kg,0.0,105219000.0,0.0,21881.578,21881.578,21881.578,0
2024,528,NLD,Netherlands,H6,2709,Crude petroleum oil,8,kg,28308945932.0,8,kg,28308945932.0,28308945932.0,0.0,21881.578,17039634176.931,17039634176.931,0
2024,554,NZL,New Zealand,H6,2709,Crude petroleum oil,8,kg,719483682.129,-1,kg,0.0,719483682.129,725303735.0,21881.578,423230611.237,423230611.237,6
2024,562,NER,Niger,H6,2709,Crude petroleum oil,8,kg,1453006415.0,8,kg,1453006415.0,1453006415.0,0.0,21881.578,748936604.204,748936604.204,0
2024,566,NGA,Nigeria,H6,2709,Crude petroleum oil,-1,,0.0,-1,kg,0.0,105219000.0,0.0,21881.578,37380669161.523,37380669161.523,0
2024,579,NOR,Norway,H6,2709,Crude petroleum oil,8,kg,84025184200.0,-1,kg,0.0,84025184200.0,0.0,21881.578,49293154558.329,49293154558.329,0
2024,586,PAK,Pakistan,H6,2709,Crude petroleum oil,8,kg,105219000.0,21,1000 KG,105219.0,105219000.0,0.0,21881.578,67590587.631,67590587.631,0
2024,604,PER,Peru,H6,2709,Crude petroleum oil,8,kg,972572371.0,12,m³,1035854.98,972572371.0,0.0,21881.578,317674708.75,317674708.75,0
2024,608,PHL,Philippines,H6,2709,Crude petroleum oil,8,kg,284114200.0,8,kg,284114200.0,284114200.0,284114200.0,21881.578,168274610.0,168274610.0,0
2024,616,POL,Poland,H6,2709,Crude petroleum oil,8,kg,182634768.607,-1,kg,0.0,182634768.607,0.0,21881.578,101266882.0,101266882.0,6
2024,634,QAT,Qatar,H6,2709,Crude petroleum oil,8,kg,25242378811.333,-1,kg,0.0,25242378811.333,0.0,21881.578,14965923895.883,14965923895.883,6
2024,642,ROU,Romania,H6,2709,Crude petroleum oil,8,kg,12431004.0,8,kg,12431004.0,12431004.0,0.0,21881.578,7529175.58,7529175.58,0
2024,682,SAU,Saudi Arabia,H6,2709,Crude petroleum oil,8,kg,300558000000.0,8,kg,300558000000.0,300558000000.0,0.0,21881.578,179494074921.181,179494074921.181,0
2024,686,SEN,Senegal,H6,2709,Crude petroleum oil,8,kg,1427872720.0,8,kg,1427872720.0,1427872720.0,0.0,21881.578,763878308.793,763878308.793,0
2024,688,SRB,Serbia,H6,2709,Crude petroleum oil,8,kg,6.0,8,kg,6.0,6.0,0.0,21881.578,8.0,8.0,0
2024,702,SGP,Singapore,H6,2709,Crude petroleum oil,8,kg,3800296.175,-1,kg,0.0,3800296.175,0.0,21881.578,2159874.273,2159874.273,6
2024,703,SVK,Slovakia,H6,2709,Crude petroleum oil,8,kg,1227160.0,8,kg,1227160.0,1227160.0,0.0,21881.578,717014.277,717014.277,0
2024,705,SVN,Slovenia,H6,2709,Crude petroleum oil,8,kg,40.9,8,kg,40.9,40.9,0.0,21881.578,203.895,203.895,0
2024,710,ZAF,South Africa,H6,2709,Crude petroleum oil,8,kg,92738173.157,-1,kg,0.0,92738173.157,0.0,21881.578,51467094.764,51467094.764,6
2024,724,ESP,Spain,H6,2709,Crude petroleum oil,-1,,0.0,-1,kg,0.0,105219000.0,0.0,21881.578,1884603895.643,1884603895.643,0
2024,752,SWE,Sweden,H6,2709,Crude petroleum oil,8,kg,40975.61,-1,kg,0.0,40975.61,0.0,21881.578,190771.116,190771.116,6
2024,757,CHE,Switzerland,H6,2709,Crude petroleum oil,8,kg,165.0,8,kg,165.0,165.0,0.0,21881.578,1966.061,1966.061,0
2024,764,THA,Thailand,H6,2709,Crude petroleum oil,8,kg,992530784.746,-1,kg,0.0,992530784.746,0.0,21881.578,582521347.29,582521347.29,6
2024,780,TTO,Trinidad and Tobago,H4,2709,Crude petroleum oil,8,kg,2766349534.118,-1,kg,0.0,2766349534.118,0.0,21881.578,1616071557.072,1616071557.072,6
2024,800,UGA,Uganda,H6,2709,Crude petroleum oil,8,kg,2973.0,8,kg,2973.0,2973.0,0.0,21881.578,1088.37,1088.37,0
2024,818,EGY,Egypt,H6,2709,Crude petroleum oil,8,kg,2538653939.452,-1,kg,0.0,2538653939.452,0.0,21881.578,1408882000.0,1408882000.0,6
2024,826,GBR,United Kingdom,H6,2709,Crude petroleum oil,-1,,0.0,-1,kg,0.0,105219000.0,0.0,21881.578,16055724448.938,16055724448.938,0
2024,834,TZA,United Rep. of Tanzania,H6,2709,Crude petroleum oil,8,kg,3832500.0,8,kg,3832500.0,3832500.0,0.0,21881.578,2351989.668,2351989.668,0
2024,842,USA,USA,H6,2709,Crude petroleum oil,8,kg,238788419322.0,19,BBL,1501813958.0,238788419322.0,0.0,21881.578,118499361483.0,118499361483.0,0
2024,854,BFA,Burkina Faso,H6,2709,Crude petroleum oil,8,kg,240.0,8,kg,240.0,240.0,0.0,21881.578,50.011,50.011,0
2024,882,WSM,Samoa,H5,2709,Crude petroleum oil,8,kg,10.0,7,l,10.0,10.0,0.0,21881.578,182.262,182.262,0
2024,894,ZMB,Zambia,H6,2709,Crude petroleum oil,8,kg,11.0,8,kg,11.0,11.0,0.0,21881.578,14.582,14.582,0
